"Organization","Location","Virtual Account Name","Virtual Account Link","Relationship Link","Effective From YYYY-MM-DD","Effective To YYYY-MM-DD","Rule Name","Rule Link","Rule Description","Rule Formula","Variable Name","Variable Link","Source Type","Source Name","Source Link","Source Apportionment","Delete Relationship"
"Downer","Asphalt Prod - Archerfield (406)","1003081_QB05383854_CERTS","6403603","200","2026-07-01",,"100% Renewable Energy Certificates","6000009","Use this conversion to denote 100% of electricity purchased as renewable","{6000013}*{6000014}","Kilowatt hours","6000013","Account","1003081_QB05383854","6400661","100.0000",""
"Downer","Asphalt Prod - Auckland","Copy of Eco_ICP_1001126325LC57C_CERTS","6397546","78",,,"100% Renewable Energy Certificates","6000009","Use this conversion to denote 100% of electricity purchased as renewable","{6000013}*{6000014}","Kilowatt hours","6000013","Account","Eco_ICP_1001126325LC57C","6223424","100.0000",""
"Downer","Asphalt Prod - Bathurst (156)","50002617964_NAAA00AC25_CERTS","6403506","134","2026-07-01",,"100% Renewable Energy Certificates","6000009","Use this conversion to denote 100% of electricity purchased as renewable","{6000013}*{6000014}","Kilowatt hours","6000013","Account","50002617964_NAAA00AC25","6181665","100.0000",""
"Downer","Asphalt Prod - Bayswater (302)","900018215_6305920528_CERTS","6403572","182","2026-07-01",,"100% Renewable Energy Certificates","6000009","Use this conversion to denote 100% of electricity purchased as renewable","{6000013}*{6000014}","Kilowatt hours","6000013","Account","900018215_6305920528","6402915","100.0000",""
"Downer","Asphalt Prod - Bli Bli (408)","1003079_3120103988_CERTS","6403601","198","2026-07-01",,"100% Renewable Energy Certificates","6000009","Use this conversion to denote 100% of electricity purchased as renewable","{6000013}*{6000014}","Kilowatt hours","6000013","Account","1003079_3120103988","6400660","100.0000",""
"Downer","Asphalt Prod - Brendale (423)","900018199_3120725958_CERTS","6403550","159","2026-07-01",,"100% Renewable Energy Certificates","6000009","Use this conversion to denote 100% of electricity purchased as renewable","{6000013}*{6000014}","Kilowatt hours","6000013","Account","900018199_3120725958","6403470","100.0000",""
"Downer","Asphalt Prod - Dunedin","Copy of Eco_ICP_0000102308DEAD2_CERTS","6397547","79",,,"100% Renewable Energy Certificates","6000009","Use this conversion to denote 100% of electricity purchased as renewable","{6000013}*{6000014}","Kilowatt hours","6000013","Account","Eco_ICP_0000102308DEAD2","6223425","100.0000",""
"Downer","Asphalt Prod - Hamilton","Copy of Eco_ICP_0000024050WE5E2_CERTS","6397548","80",,,"100% Renewable Energy Certificates","6000009","Use this conversion to denote 100% of electricity purchased as renewable","{6000013}*{6000014}","Kilowatt hours","6000013","Account","Eco_ICP_0000024050WE5E2","6223426","100.0000",""
"Downer","Asphalt Prod - Hobart (329)","DEDI01_8000002117_8000002117_CERTS","6403583","193","2026-07-01",,"100% Renewable Energy Certificates","6000009","Use this conversion to denote 100% of electricity purchased as renewable","{6000013}*{6000014}","Kilowatt hours","6000013","Account","DEDI01_8000002117_8000002117","6402932","100.0000",""
"Downer","Asphalt Prod - Hume (101)","50002618040_7001184714_CERTS","6403510","137","2026-07-01",,"100% Renewable Energy Certificates","6000009","Use this conversion to denote 100% of electricity purchased as renewable","{6000013}*{6000014}","Kilowatt hours","6000013","Account","50002618040_7001184714","6182745","100.0000",""
"Downer","Asphalt Prod - Invercargill","Copy of Eco_ICP_0000734355NVC9C_CERTS","6397549","81",,,"100% Renewable Energy Certificates","6000009","Use this conversion to denote 100% of electricity purchased as renewable","{6000013}*{6000014}","Kilowatt hours","6000013","Account","Eco_ICP_0000734355NVC9C","6287769","100.0000",""
"Downer","Asphalt Prod - Mogo (154)","50002617992_4204072845_CERTS","6403508","177","2026-07-01",,"100% Renewable Energy Certificates","6000009","Use this conversion to denote 100% of electricity purchased as renewable","{6000013}*{6000014}","Kilowatt hours","6000013","Account","50002617992_4204072845","6181000","100.0000",""
"Downer","Asphalt Prod - Mogo (154)","50002769514_4001127731_CERTS","6403568","178","2026-07-01",,"100% Renewable Energy Certificates","6000009","Use this conversion to denote 100% of electricity purchased as renewable","{6000013}*{6000014}","Kilowatt hours","6000013","Account","50002769514_4001127731","6203437","100.0000",""
"Downer","Asphalt Prod - Mowbray (360)","DEDI01_088_8000326927_CERTS","6403553","162","2026-07-01",,"100% Renewable Energy Certificates","6000009","Use this conversion to denote 100% of electricity purchased as renewable","{6000013}*{6000014}","Kilowatt hours","6000013","Account","DEDI01_088_8000326927","6402936","100.0000",""
"Downer","Asphalt Prod - Rosehill (163)","50002756108_4311396021_CERTS","6403563","172","2026-07-01",,"100% Renewable Energy Certificates","6000009","Use this conversion to denote 100% of electricity purchased as renewable","{6000013}*{6000014}","Kilowatt hours","6000013","Account","50002756108_4311396021","6200593","100.0000",""
"Downer","Asphalt Prod - Rosehill (163)","50002756109_4311396022_CERTS","6403564","173","2026-07-01",,"100% Renewable Energy Certificates","6000009","Use this conversion to denote 100% of electricity purchased as renewable","{6000013}*{6000014}","Kilowatt hours","6000013","Account","50002756109_4311396022","6200594","100.0000",""
"Downer","Asphalt Prod - Shepparton (308)","900018214_6204134328_CERTS","6403571","181","2026-07-01",,"100% Renewable Energy Certificates","6000009","Use this conversion to denote 100% of electricity purchased as renewable","{6000013}*{6000014}","Kilowatt hours","6000013","Account","900018214_6204134328","6402914","100.0000",""
"Downer","Asphalt Prod - Somerton (303)","900018217_6001311036_CERTS","6403569","179","2026-07-01",,"100% Renewable Energy Certificates","6000009","Use this conversion to denote 100% of electricity purchased as renewable","{6000013}*{6000014}","Kilowatt hours","6000013","Account","900018217_6001311036","6402917","100.0000",""
"Downer","Asphalt Prod - Teralba (152)","50002617996_4104030101_CERTS","6403554","163","2026-07-01",,"100% Renewable Energy Certificates","6000009","Use this conversion to denote 100% of electricity purchased as renewable","{6000013}*{6000014}","Kilowatt hours","6000013","Account","50002617996_4104030101","6181421","100.0000",""
"Downer","Asphalt Prod - Traralgon (300)","900018219_6306009124_CERTS","6403573","183","2026-07-01",,"100% Renewable Energy Certificates","6000009","Use this conversion to denote 100% of electricity purchased as renewable","{6000013}*{6000014}","Kilowatt hours","6000013","Account","900018219_6306009124","6402919","100.0000",""
"Downer","Asphalt Prod - Wellington","Copy of Eco_ICP_1001113152UNBF4_CERTS","6397550","82",,,"100% Renewable Energy Certificates","6000009","Use this conversion to denote 100% of electricity purchased as renewable","{6000013}*{6000014}","Kilowatt hours","6000013","Account","Eco_ICP_1001113152UNBF4","6223427","100.0000",""
"Downer","Asphalt Prod - Whangarei","Copy of Eco_ICP_0000519132NR7B9_CERTS","6397551","83",,,"100% Renewable Energy Certificates","6000009","Use this conversion to denote 100% of electricity purchased as renewable","{6000013}*{6000014}","Kilowatt hours","6000013","Account","Eco_ICP_0000519132NR7B9","6223428","100.0000",""
"Downer","Asphalt Prod - Wingfield (523)","900018209_2002254877_CERTS","6403580","190","2026-07-01",,"100% Renewable Energy Certificates","6000009","Use this conversion to denote 100% of electricity purchased as renewable","{6000013}*{6000014}","Kilowatt hours","6000013","Account","900018209_2002254877","6402910","100.0000",""
"Downer","Asphalt Prod - Wodonga (315)","900018213_VBBB002698_CERTS","6403576","186","2026-07-01",,"100% Renewable Energy Certificates","6000009","Use this conversion to denote 100% of electricity purchased as renewable","{6000013}*{6000014}","Kilowatt hours","6000013","Account","900018213_VBBB002698","6402913","100.0000",""
"Downer","Auburn","50002617957_4103713125_CERTS","6403536","145","2026-07-01",,"100% Renewable Energy Certificates","6000009","Use this conversion to denote 100% of electricity purchased as renewable","{6000013}*{6000014}","Kilowatt hours","6000013","Account","50002617957_4103713125","6181664","100.0000",""
"Downer","Auburn","50002617965_4103711576_CERTS","6403535","144","2026-07-01",,"100% Renewable Energy Certificates","6000009","Use this conversion to denote 100% of electricity purchased as renewable","{6000013}*{6000014}","Kilowatt hours","6000013","Account","50002617965_4103711576","6182730","100.0000",""
"Downer","Austins Ferry","DEDI01_8000002963_CERTS","6403584","194","2026-07-01",,"100% Renewable Energy Certificates","6000009","Use this conversion to denote 100% of electricity purchased as renewable","{6000013}*{6000014}","Kilowatt hours","6000013","Account","DEDI01_8000002963","6402933","100.0000",""
"Downer","Bitumen - Bluff","Copy of Eco_ICP_0000931749NV418_CERTS","6397552","84",,,"100% Renewable Energy Certificates","6000009","Use this conversion to denote 100% of electricity purchased as renewable","{6000013}*{6000014}","Kilowatt hours","6000013","Account","Eco_ICP_0000931749NV418","6223429","100.0000",""
"Downer","Bitumen - Lyttleton","Copy of Eco_ICP_0006863450RN0A4_CERTS","6397553","85",,,"100% Renewable Energy Certificates","6000009","Use this conversion to denote 100% of electricity purchased as renewable","{6000013}*{6000014}","Kilowatt hours","6000013","Account","Eco_ICP_0006863450RN0A4","6223431","100.0000",""
"Downer","Bitumen - Lyttleton","Copy of Eco_ICP_0007202058RN859_CERTS","6397554","86",,,"100% Renewable Energy Certificates","6000009","Use this conversion to denote 100% of electricity purchased as renewable","{6000013}*{6000014}","Kilowatt hours","6000013","Account","Eco_ICP_0007202058RN859","6223430","100.0000",""
"Downer","Bitumen - Mt Maunganui","Copy of Eco_ICP_0000939570TUEC4_CERTS","6397555","87",,,"100% Renewable Energy Certificates","6000009","Use this conversion to denote 100% of electricity purchased as renewable","{6000013}*{6000014}","Kilowatt hours","6000013","Account","Eco_ICP_0000939570TUEC4","6223432","100.0000",""
"Downer","Bitumen - Taranaki","Copy of Eco_ICP_0001510110PCCA2_CERTS","6397556","88",,,"100% Renewable Energy Certificates","6000009","Use this conversion to denote 100% of electricity purchased as renewable","{6000013}*{6000014}","Kilowatt hours","6000013","Account","Eco_ICP_0001510110PCCA2","6223433","100.0000",""
"Downer","BOP Omanawa - 345 Matakokiri Drive, Tauranga","Copy of Eco_ICP_1000610486PC18D_CERTS","6397557","89",,,"100% Renewable Energy Certificates","6000009","Use this conversion to denote 100% of electricity purchased as renewable","{6000013}*{6000014}","Kilowatt hours","6000013","Account","Eco_ICP_1000610486PC18D","6223442","100.0000",""
"Downer","Calder Park Light Service Facility","Calder Park 100% Renewable Electricity","6401429","114",,,"100% Renewable Energy Certificates","6000009","Use this conversion to denote 100% of electricity purchased as renewable","{6000013}*{6000014}","Kilowatt hours","6000013","Account","Grid Electricity","6397585","100.0000",""
"Downer","Cardiff - Rail","Tenant 1109120_5247064745","6397571","102",,,"Cardiff Gas Tenant Apportionment","6000016","","{6000022}*{6000023}","GJ","6000022","Account","1109120_5247064745","6198815","100.0000",""
"Downer","Cardiff - Rail","Tenant 51632065_5247064745","6397572","101",,,"Cardiff Gas Tenant Apportionment","6000016","","{6000022}*{6000023}","GJ","6000022","Account","51632065_5247064745","6166885","100.0000",""
"Downer","Cardiff - Rail","Tenant 700000536_ZZZZ001261","6397575","109",,,"Cardiff Electricity Apportionment","6000017","To reflect the fact that 40.4% is paid by the client","-({6000024})*{6000025}","Total Cost","6000024","Account","700000536_ZZZZ001261","6219891","100.0000",""
"Downer","Cardiff - Rail","Tenant 700000536_ZZZZ001261","6397575","106",,,"Cardiff Tenant Apportionment","6000015","This apportionment is to account for the portion of the Cardiff Rail site that Downer is co-occupying with Progress Rail","(-{6000020})*{6000021}","Kilowatt hours","6000020","Account","700000536_ZZZZ001261","6219891","100.0000",""
"Downer","Cardiff - Rail","Tenant 7733066771_5247064745","6397570","103",,,"Cardiff Gas Tenant Apportionment","6000016","","{6000022}*{6000023}","GJ","6000022","Account","7733066771_5247064745","6207348","100.0000",""
"Downer","Cardiff - Rail","Tenant 9248380435_5247064745","6397569","104",,,"Cardiff Gas Tenant Apportionment","6000016","","{6000022}*{6000023}","GJ","6000022","Account","9248380435_5247064745","6220412","100.0000",""
"Downer","Cardiff - Rail","Tenant A-DF77364D_5247064745","6397573","105",,,"Cardiff Gas Tenant Apportionment","6000016","","{6000022}*{6000023}","GJ","6000022","Account","A-DF77364D_5247064745","6221346","100.0000",""
"Downer","Cardiff - Rail","Tenant Apportionment 50002958793_5247064745","6397568","100",,,"Cardiff Gas Tenant Apportionment","6000016","","{6000022}*{6000023}","GJ","6000022","Account","50002958793_5247064745","6389436","100.0000",""
"Downer","Cardiff - Rail","Tenant Electricity_Cardiff Rail","6397574","108",,,"Cardiff Electricity Apportionment","6000017","To reflect the fact that 40.4% is paid by the client","-({6000024})*{6000025}","Total Cost","6000024","Account","Electricity_Cardiff Rail","6133983","100.0000",""
"Downer","Cardiff - Rail","Tenant Electricity_Cardiff Rail","6397574","107",,,"Cardiff Tenant Apportionment","6000015","This apportionment is to account for the portion of the Cardiff Rail site that Downer is co-occupying with Progress Rail","(-{6000020})*{6000021}","Kilowatt hours","6000020","Account","Electricity_Cardiff Rail","6133983","100.0000",""
"Downer","Corporate - Offices (Cairns QLD)","900018202_3030075637_CERTS","6403566","175","2026-07-01",,"100% Renewable Energy Certificates","6000009","Use this conversion to denote 100% of electricity purchased as renewable","{6000013}*{6000014}","Kilowatt hours","6000013","Account","900018202_3030075637","6402209","100.0000",""
"Downer","Dandenong - PAV","900018211_6407100027_CERTS","6403574","184","2026-07-01",,"100% Renewable Energy Certificates","6000009","Use this conversion to denote 100% of electricity purchased as renewable","{6000013}*{6000014}","Kilowatt hours","6000013","Account","900018211_6407100027","6402911","100.0000",""
"Downer","Eastern Creek","50002755315_4311006315_CERTS","6403562","171","2026-07-01",,"100% Renewable Energy Certificates","6000009","Use this conversion to denote 100% of electricity purchased as renewable","{6000013}*{6000014}","Kilowatt hours","6000013","Account","50002755315_4311006315","6200866","100.0000",""
"Downer","Gillman - PAV","900018206_2001160742_CERTS","6403579","189","2026-07-01",,"100% Renewable Energy Certificates","6000009","Use this conversion to denote 100% of electricity purchased as renewable","{6000013}*{6000014}","Kilowatt hours","6000013","Account","900018206_2001160742","6402907","100.0000",""
"Downer","Gippsland Asphalt - Bairnsdale","900018218_6305885252_CERTS","6403509","136","2026-07-01",,"100% Renewable Energy Certificates","6000009","Use this conversion to denote 100% of electricity purchased as renewable","{6000013}*{6000014}","Kilowatt hours","6000013","Account","900018218_6305885252","6402918","100.0000",""
"Downer","Gympie","1003085_3120129028_CERTS","6403602","199","2026-07-01",,"100% Renewable Energy Certificates","6000009","Use this conversion to denote 100% of electricity purchased as renewable","{6000013}*{6000014}","Kilowatt hours","6000013","Account","1003085_3120129028","6400665","100.0000",""
"Downer","Hamilton Depot","Copy of Eco_ICP_0000031643WEA48_CERTS","6397558","90",,,"100% Renewable Energy Certificates","6000009","Use this conversion to denote 100% of electricity purchased as renewable","{6000013}*{6000014}","Kilowatt hours","6000013","Account","Eco_ICP_0000031643WEA48","6223434","100.0000",""
"Downer","Hastings Depot","Copy of Eco_ICP_0000015023HBABD_CERTS","6400408","112",,,"100% Renewable Energy Certificates","6000009","Use this conversion to denote 100% of electricity purchased as renewable","{6000013}*{6000014}","Kilowatt hours","6000013","Account","Eco_ICP_0000015023HBABD","6223435","100.0000",""
"Downer","Hastings Depot","Copy of Eco_ICP_0000024050WE5E2_CERTS","6397567","99",,,"100% Renewable Energy Certificates","6000009","Use this conversion to denote 100% of electricity purchased as renewable","{6000013}*{6000014}","Kilowatt hours","6000013","Account","Eco_ICP_0000024050WE5E2","6391000","100.0000",""
"Downer","Hawkins Construction Recharges","Copy of Eco_ICP_0141534532LCA70_CERTS","6397561","93",,,"100% Renewable Energy Certificates","6000009","Use this conversion to denote 100% of electricity purchased as renewable","{6000013}*{6000014}","Kilowatt hours","6000013","Account","Eco_ICP_0141534532LCA70","6287770","100.0000",""
"Downer","Hawkins Construction Recharges","Copy of Eco_ICP_1002147325UN75B_CERTS","6397560","92",,,"100% Renewable Energy Certificates","6000009","Use this conversion to denote 100% of electricity purchased as renewable","{6000013}*{6000014}","Kilowatt hours","6000013","Account","Eco_ICP_1002147325UN75B","6223436","100.0000",""
"Downer","HCMT -  East Pakenham Depot","HCMT 100% Renewable Deduction","6401427","113",,,"100% Renewable Energy Certificates","6000009","Use this conversion to denote 100% of electricity purchased as renewable","{6000013}*{6000014}","Kilowatt hours","6000013","Account","68_Electricity – purchased from grid","6182821","100.0000",""
"Downer","Hexham Office","50002617953_4103803680_CERTS","6403545","154","2026-07-01",,"100% Renewable Energy Certificates","6000009","Use this conversion to denote 100% of electricity purchased as renewable","{6000013}*{6000014}","Kilowatt hours","6000013","Account","50002617953_4103803680","6182723","100.0000",""
"Downer","Largs Bay","900018207_SAAAAAC481_CERTS","6403582","192","2026-07-01",,"100% Renewable Energy Certificates","6000009","Use this conversion to denote 100% of electricity purchased as renewable","{6000013}*{6000014}","Kilowatt hours","6000013","Account","900018207_SAAAAAC481","6402908","100.0000",""
"Downer","Largs Bay","900018208_SAAAAAB023_CERTS","6403581","191","2026-07-01",,"100% Renewable Energy Certificates","6000009","Use this conversion to denote 100% of electricity purchased as renewable","{6000013}*{6000014}","Kilowatt hours","6000013","Account","900018208_SAAAAAB023","6402909","100.0000",""
"Downer","Maryborough","900018200_QGGG000010_CERTS","6403552","161","2026-07-01",,"100% Renewable Energy Certificates","6000009","Use this conversion to denote 100% of electricity purchased as renewable","{6000013}*{6000014}","Kilowatt hours","6000013","Account","900018200_QGGG000010","6403471","100.0000",""
"Downer","MT-Carrara","900018193_QB06082220_CERTS","6403578","188","2026-07-01",,"100% Renewable Energy Certificates","6000009","Use this conversion to denote 100% of electricity purchased as renewable","{6000013}*{6000014}","Kilowatt hours","6000013","Account","900018193_QB06082220","6402906","100.0000",""
"Downer","MT-Carrara","900018198_QB06081428_CERTS","6403551","160","2026-07-01",,"100% Renewable Energy Certificates","6000009","Use this conversion to denote 100% of electricity purchased as renewable","{6000013}*{6000014}","Kilowatt hours","6000013","Account","900018198_QB06081428","6403469","100.0000",""
"Downer","Mulgrave - Wellington Rd, Clayton","900018210_6407695655_CERTS","6403575","185","2026-07-01",,"100% Renewable Energy Certificates","6000009","Use this conversion to denote 100% of electricity purchased as renewable","{6000013}*{6000014}","Kilowatt hours","6000013","Account","900018210_6407695655","6402210","100.0000",""
"Downer","Nelson Depot","Copy of Eco_ICP_0000052034NT6A8_CERTS","6397562","94",,,"100% Renewable Energy Certificates","6000009","Use this conversion to denote 100% of electricity purchased as renewable","{6000013}*{6000014}","Kilowatt hours","6000013","Account","Eco_ICP_0000052034NT6A8","6223437","100.0000",""
"Downer","North Ryde T1 - Level 1","50002617971_4103737729_CERTS","6403538","147","2026-07-01",,"100% Renewable Energy Certificates","6000009","Use this conversion to denote 100% of electricity purchased as renewable","{6000013}*{6000014}","Kilowatt hours","6000013","Account","50002617971_4103737729","6181415","100.0000",""
"Downer","North Ryde T1 - Level 1","50002617973_4103737079_CERTS","6403537","146","2026-07-01",,"100% Renewable Energy Certificates","6000009","Use this conversion to denote 100% of electricity purchased as renewable","{6000013}*{6000014}","Kilowatt hours","6000013","Account","50002617973_4103737079","6182734","100.0000",""
"Downer","North Ryde T1 - Level 3","50002617966_4103742939_CERTS","6403540","149","2026-07-01",,"100% Renewable Energy Certificates","6000009","Use this conversion to denote 100% of electricity purchased as renewable","{6000013}*{6000014}","Kilowatt hours","6000013","Account","50002617966_4103742939","6182731","100.0000",""
"Downer","North Ryde T1 - Level 3","50002617975_4103742938_CERTS","6403539","148","2026-07-01",,"100% Renewable Energy Certificates","6000009","Use this conversion to denote 100% of electricity purchased as renewable","{6000013}*{6000014}","Kilowatt hours","6000013","Account","50002617975_4103742938","6182735","100.0000",""
"Downer","North Ryde T1 - Level 4","50002617985_4103742940_CERTS","6403541","150","2026-07-01",,"100% Renewable Energy Certificates","6000009","Use this conversion to denote 100% of electricity purchased as renewable","{6000013}*{6000014}","Kilowatt hours","6000013","Account","50002617985_4103742940","6182741","100.0000",""
"Downer","North Ryde T3 - Level 2","50002617958_4103759848_CERTS","6403542","151","2026-07-01",,"100% Renewable Energy Certificates","6000009","Use this conversion to denote 100% of electricity purchased as renewable","{6000013}*{6000014}","Kilowatt hours","6000013","Account","50002617958_4103759848","6182726","100.0000",""
"Downer","North Ryde T3 - Level 3","50002617952_4103759849_CERTS","6403543","152","2026-07-01",,"100% Renewable Energy Certificates","6000009","Use this conversion to denote 100% of electricity purchased as renewable","{6000013}*{6000014}","Kilowatt hours","6000013","Account","50002617952_4103759849","6182722","100.0000",""
"Downer","PPP - HQJOC (ACT)","50002617969_4001200751_CERTS","6403513","140","2026-07-01",,"100% Renewable Energy Certificates","6000009","Use this conversion to denote 100% of electricity purchased as renewable","{6000013}*{6000014}","Kilowatt hours","6000013","Account","50002617969_4001200751","6182789","100.0000",""
"Downer","PPP - NSW Schools 2 (Ashtonfield PS)","50002716068_4103689689_CERTS","6403533","142","2026-07-01",,"100% Renewable Energy Certificates","6000009","Use this conversion to denote 100% of electricity purchased as renewable","{6000013}*{6000014}","Kilowatt hours","6000013","Account","50002716068_4103689689","6195533","100.0000",""
"Downer","PPP - NSW Schools 2 (Elderslie PS)","50002617988_4311006154_CERTS","6403560","169","2026-07-01",,"100% Renewable Energy Certificates","6000009","Use this conversion to denote 100% of electricity purchased as renewable","{6000013}*{6000014}","Kilowatt hours","6000013","Account","50002617988_4311006154","6182742","100.0000",""
"Downer","PPP - NSW Schools 2 (Halinda SSP)","50002617986_4310934278_CERTS","6403555","164","2026-07-01",,"100% Renewable Energy Certificates","6000009","Use this conversion to denote 100% of electricity purchased as renewable","{6000013}*{6000014}","Kilowatt hours","6000013","Account","50002617986_4310934278","6182791","100.0000",""
"Downer","PPP - NSW Schools 2 (John Palmer PS)","50002617955_4310957406_CERTS","6403558","167","2026-07-01",,"100% Renewable Energy Certificates","6000009","Use this conversion to denote 100% of electricity purchased as renewable","{6000013}*{6000014}","Kilowatt hours","6000013","Account","50002617955_4310957406","6182724","100.0000",""
"Downer","PPP - NSW Schools 2 (Kariong)","50002617993_4103766552_CERTS","6403544","153","2026-07-01",,"100% Renewable Energy Certificates","6000009","Use this conversion to denote 100% of electricity purchased as renewable","{6000013}*{6000014}","Kilowatt hours","6000013","Account","50002617993_4103766552","6181420","100.0000",""
"Downer","PPP - NSW Schools 2 (Kelso HS)","50002617982_4001198085_CERTS","6403512","139","2026-07-01",,"100% Renewable Energy Certificates","6000009","Use this conversion to denote 100% of electricity purchased as renewable","{6000013}*{6000014}","Kilowatt hours","6000013","Account","50002617982_4001198085","6182790","100.0000",""
"Downer","PPP - NSW Schools 2 (Middleton Grange PS)","50002617951_4311006155_CERTS","6403561","170","2026-07-01",,"100% Renewable Energy Certificates","6000009","Use this conversion to denote 100% of electricity purchased as renewable","{6000013}*{6000014}","Kilowatt hours","6000013","Account","50002617951_4311006155","6182721","100.0000",""
"Downer","PPP - NSW Schools 2 (Ropes Crossing PS)","50002617970_4310938258_CERTS","6403556","165","2026-07-01",,"100% Renewable Energy Certificates","6000009","Use this conversion to denote 100% of electricity purchased as renewable","{6000013}*{6000014}","Kilowatt hours","6000013","Account","50002617970_4310938258","6182733","100.0000",""
"Downer","PPP - NSW Schools 2 (Rouse Hill HS)","50002617959_4310984436_CERTS","6403559","168","2026-07-01",,"100% Renewable Energy Certificates","6000009","Use this conversion to denote 100% of electricity purchased as renewable","{6000013}*{6000014}","Kilowatt hours","6000013","Account","50002617959_4310984436","6182788","100.0000",""
"Downer","PPP - NSW Schools 2 (Tulimbar PS)","50002716071_4310955386_CERTS","6403557","166","2026-07-01",,"100% Renewable Energy Certificates","6000009","Use this conversion to denote 100% of electricity purchased as renewable","{6000013}*{6000014}","Kilowatt hours","6000013","Account","50002716071_4310955386","6195905","100.0000",""
"Downer","PPP - NSW Schools 2 (Warnervale PS)","50002617995_4103705443_CERTS","6403534","143","2026-07-01",,"100% Renewable Energy Certificates","6000009","Use this conversion to denote 100% of electricity purchased as renewable","{6000013}*{6000014}","Kilowatt hours","6000013","Account","50002617995_4103705443","6181001","100.0000",""
"Downer","PPP - SICEEP","50002617956_4103927808_CERTS","6403548","157","2026-07-01",,"100% Renewable Energy Certificates","6000009","Use this conversion to denote 100% of electricity purchased as renewable","{6000013}*{6000014}","Kilowatt hours","6000013","Account","50002617956_4103927808","6182725","100.0000",""
"Downer","PPP - SICEEP","50002617960_4103927804_CERTS","6403546","155","2026-07-01",,"100% Renewable Energy Certificates","6000009","Use this conversion to denote 100% of electricity purchased as renewable","{6000013}*{6000014}","Kilowatt hours","6000013","Account","50002617960_4103927804","6182727","100.0000",""
"Downer","PPP - SICEEP","50002617968_4103927806_CERTS","6403547","156","2026-07-01",,"100% Renewable Energy Certificates","6000009","Use this conversion to denote 100% of electricity purchased as renewable","{6000013}*{6000014}","Kilowatt hours","6000013","Account","50002617968_4103927806","6182732","100.0000",""
"Downer","PPP - SICEEP","50002617980_4103927809_CERTS","6403549","158","2026-07-01",,"100% Renewable Energy Certificates","6000009","Use this conversion to denote 100% of electricity purchased as renewable","{6000013}*{6000014}","Kilowatt hours","6000013","Account","50002617980_4103927809","6182739","100.0000",""
"Downer","PPP - Southbank TAFE (QLD)","1003074_3116382269_CERTS","6403605","202","2026-07-01",,"100% Renewable Energy Certificates","6000009","Use this conversion to denote 100% of electricity purchased as renewable","{6000013}*{6000014}","Kilowatt hours","6000013","Account","1003074_3116382269","6221496","100.0000",""
"Downer","PPP - Sunshine Coast University Hospital","1003075_3120143385_CERTS","6403606","203","2026-07-01",,"100% Renewable Energy Certificates","6000009","Use this conversion to denote 100% of electricity purchased as renewable","{6000013}*{6000014}","Kilowatt hours","6000013","Account","1003075_3120143385","6221497","100.0000",""
"Downer","Quarry - WOK","Copy of Eco_ICP_0005302992ENB6A_CERTS","6397563","95",,,"100% Renewable Energy Certificates","6000009","Use this conversion to denote 100% of electricity purchased as renewable","{6000013}*{6000014}","Kilowatt hours","6000013","Account","Eco_ICP_0005302992ENB6A","6223438","100.0000",""
"Downer","Richlands","900018192_3116600011_CERTS","6403567","176","2026-07-01",,"100% Renewable Energy Certificates","6000009","Use this conversion to denote 100% of electricity purchased as renewable","{6000013}*{6000014}","Kilowatt hours","6000013","Account","900018192_3116600011","6402905","100.0000",""
"Downer","RPQ NSW Chinderah","50002846159_4407159054_CERTS","6403565","174","2026-07-01",,"100% Renewable Energy Certificates","6000009","Use this conversion to denote 100% of electricity purchased as renewable","{6000013}*{6000014}","Kilowatt hours","6000013","Account","50002846159_4407159054","6225313","100.0000",""
"Downer","RPQ NSW Moree","50002617997_4001287259_CERTS","6403514","141","2026-07-01",,"100% Renewable Energy Certificates","6000009","Use this conversion to denote 100% of electricity purchased as renewable","{6000013}*{6000014}","Kilowatt hours","6000013","Account","50002617997_4001287259","6182659","100.0000",""
"Downer","RPQ Spray Seal","1003070_3120014382_CERTS","6403599","196","2026-07-01",,"100% Renewable Energy Certificates","6000009","Use this conversion to denote 100% of electricity purchased as renewable","{6000013}*{6000014}","Kilowatt hours","6000013","Account","1003070_3120014382","6221495","100.0000",""
"Downer","RPQ Spray Seal","1003072_3051770385_CERTS","6403598","195","2026-07-01",,"100% Renewable Energy Certificates","6000009","Use this conversion to denote 100% of electricity purchased as renewable","{6000013}*{6000014}","Kilowatt hours","6000013","Account","1003072_3051770385","6221425","100.0000",""
"Downer","RPQ Swanbank","1003071_3120070486_CERTS","6403600","197","2026-07-01",,"100% Renewable Energy Certificates","6000009","Use this conversion to denote 100% of electricity purchased as renewable","{6000013}*{6000014}","Kilowatt hours","6000013","Account","1003071_3120070486","6221424","100.0000",""
"Downer","Somerton Emulsion Plant","900018216_VDDD001226_CERTS","6403577","187","2026-07-01",,"100% Renewable Energy Certificates","6000009","Use this conversion to denote 100% of electricity purchased as renewable","{6000013}*{6000014}","Kilowatt hours","6000013","Account","900018216_VDDD001226","6402916","100.0000",""
"Downer","Tamworth","50002617983_4001158058_CERTS","6403511","138","2026-07-01",,"100% Renewable Energy Certificates","6000009","Use this conversion to denote 100% of electricity purchased as renewable","{6000013}*{6000014}","Kilowatt hours","6000013","Account","50002617983_4001158058","6182858","100.0000",""
"Downer","Tauranga Area Manager","Copy of Eco_ICP_1000522230PCA6E_CERTS","6397564","96",,,"100% Renewable Energy Certificates","6000009","Use this conversion to denote 100% of electricity purchased as renewable","{6000013}*{6000014}","Kilowatt hours","6000013","Account","Eco_ICP_1000522230PCA6E","6223439","100.0000",""
"Downer","Teneriffe - Brisbane (QLD)","1003084_3117134943_CERTS","6403604","201","2026-07-01",,"100% Renewable Energy Certificates","6000009","Use this conversion to denote 100% of electricity purchased as renewable","{6000013}*{6000014}","Kilowatt hours","6000013","Account","1003084_3117134943","6400664","100.0000",""
"Downer","Utilities Derrimut Office","900018212_6203753676_CERTS","6403570","180","2026-07-01",,"100% Renewable Energy Certificates","6000009","Use this conversion to denote 100% of electricity purchased as renewable","{6000013}*{6000014}","Kilowatt hours","6000013","Account","900018212_6203753676","6402912","100.0000",""
"Downer","Wellington Depot","Copy of Eco_ICP_1001151226CK008_CERTS","6397565","97",,,"100% Renewable Energy Certificates","6000009","Use this conversion to denote 100% of electricity purchased as renewable","{6000013}*{6000014}","Kilowatt hours","6000013","Account","Eco_ICP_1001151226CK008","6223440","100.0000",""
"Downer","Wiri (130 Kerrs Rd)","Copy of Eco_ICP_1001240514LC3EB_CERTS","6397566","98",,,"100% Renewable Energy Certificates","6000009","Use this conversion to denote 100% of electricity purchased as renewable","{6000013}*{6000014}","Kilowatt hours","6000013","Account","Eco_ICP_1001240514LC3EB","6223441","100.0000",""
