Location,Virtual Account Name,Virtual Account Link,Relationship Link,Rule Name,Rule Formula,Variable Name,Source Name,Source Link,Source Apportionment,Effective From YYYY-MM-DD,Effective To YYYY-MM-DD,nz_copy,source_style,source_supplier,source_location,source_replaced_on,identifier,targets_on_same_source_link,targets_on_same_source_name,source_number_at_n_open_locations,open_accounts_on_identifier,source_months_with_kwh,target_months_with_kwh,source_kwh_JulAug,target_kwh_JulAug,target_tco2e_JulAug,target_kwh_MarJun,target_tco2e_MarJun,target_factor_JulAug,flags
Asphalt Prod - Archerfield (406),1003081_QB05383854_CERTS,6403603,200,100% Renewable Energy Certificates,{6000013}*{6000014},Kilowatt hours,1003081_QB05383854,6400661,100.0000,2026-07-01,,False,Electricity Small Market,CSEnergy,Asphalt Prod - Archerfield (406),,QB05383854,1,1,1,1003081_QB05383854,"Apr26,May26,Jun26,Jul26,Aug26","Jul26,Aug26",151118.0,151118.0,-107.29,0.0,0.0,LGCs QLD 24-25,OK
Asphalt Prod - Auckland,Copy of Eco_ICP_1001126325LC57C_CERTS,6397546,78,100% Renewable Energy Certificates,{6000013}*{6000014},Kilowatt hours,Eco_ICP_1001126325LC57C,6223424,100.0000,,,True,Electricity – purchased from grid [kWh],Ecotricity,Asphalt Prod - Auckland,,1001126325LC57C,1,1,1,Eco_ICP_1001126325LC57C,"Mar26,Apr26,May26,Jun26,Jul26,Aug26","Mar26,Apr26,May26,Jun26",255643.0,0.0,0.0,476795.0,-48.21,,"NZ 'Copy of' name, no Effective From; source has Jul/Aug kWh but certificate account has none; certificate credited before 1 Jul 26"
Asphalt Prod - Bathurst (156),50002617964_NAAA00AC25_CERTS,6403506,134,100% Renewable Energy Certificates,{6000013}*{6000014},Kilowatt hours,50002617964_NAAA00AC25,6181665,100.0000,2026-07-01,,False,Electricity Large Market,Origin,Asphalt Prod - Bathurst (156),,NAAA00AC25,1,1,1,50002617964_NAAA00AC25,"Mar26,Apr26,May26,Jun26,Jul26,Aug26","Jul26,Aug26",95248.0,95248.0,-62.86,0.0,0.0,LGCs NSW 24-25,OK
Asphalt Prod - Bayswater (302),900018215_6305920528_CERTS,6403572,182,100% Renewable Energy Certificates,{6000013}*{6000014},Kilowatt hours,900018215_6305920528,6402915,100.0000,2026-07-01,,False,Electricity Small Market,EngieAU,Asphalt Prod - Bayswater (302),,6305920528,1,1,1,900018215_6305920528,"Jul26,Aug26","Jul26,Aug26",154614.0,154614.0,-120.6,0.0,0.0,LGCs Victoria 25-26,OK
Asphalt Prod - Bli Bli (408),1003079_3120103988_CERTS,6403601,198,100% Renewable Energy Certificates,{6000013}*{6000014},Kilowatt hours,1003079_3120103988,6400660,100.0000,2026-07-01,,False,Electricity Small Market,CSEnergy,Asphalt Prod - Bli Bli (408),,3120103988,1,1,1,1003079_3120103988,"Apr26,May26,Jun26,Jul26,Aug26","Jul26,Aug26",126853.0,126853.0,-90.07,0.0,0.0,LGCs QLD 24-25,OK
Asphalt Prod - Brendale (423),900018199_3120725958_CERTS,6403550,159,100% Renewable Energy Certificates,{6000013}*{6000014},Kilowatt hours,900018199_3120725958,6403470,100.0000,2026-07-01,,False,Electricity Small Market,EngieAU,Asphalt Prod - Brendale (423),,3120725958,1,1,1,900018199_3120725958,"Jul26,Aug26","Jul26,Aug26",172339.0,172339.0,-122.36,0.0,0.0,LGCs QLD 24-25,OK
Asphalt Prod - Dunedin,Copy of Eco_ICP_0000102308DEAD2_CERTS,6397547,79,100% Renewable Energy Certificates,{6000013}*{6000014},Kilowatt hours,Eco_ICP_0000102308DEAD2,6223425,100.0000,,,True,Electricity – purchased from grid [kWh],Ecotricity,Asphalt Prod - Dunedin,,0000102308DEAD2,1,1,1,Eco_ICP_0000102308DEAD2,"Mar26,Apr26,May26,Jun26,Jul26,Aug26","Mar26,Apr26,May26,Jun26",80841.0,0.0,0.0,169183.0,-17.11,,"NZ 'Copy of' name, no Effective From; source has Jul/Aug kWh but certificate account has none; certificate credited before 1 Jul 26"
Asphalt Prod - Hamilton,Copy of Eco_ICP_0000024050WE5E2_CERTS,6397548,80,100% Renewable Energy Certificates,{6000013}*{6000014},Kilowatt hours,Eco_ICP_0000024050WE5E2,6223426,100.0000,,,True,Electricity – purchased from grid [kWh],Ecotricity,Asphalt Prod - Hamilton,,0000024050WE5E2,1,1,2,Eco_ICP_0000024050WE5E2,"Mar26,Apr26,May26,Jun26,Jul26,Aug26","Mar26,Apr26,May26,Jun26",98307.0,0.0,0.0,195654.0,-19.78,,"NZ 'Copy of' name, no Effective From; source account number exists at more than one open location; source has Jul/Aug kWh but certificate account has none; certificate credited before 1 Jul 26"
Asphalt Prod - Hobart (329),DEDI01_8000002117_8000002117_CERTS,6403583,193,100% Renewable Energy Certificates,{6000013}*{6000014},Kilowatt hours,DEDI01_8000002117_8000002117,6402932,100.0000,2026-07-01,,False,Electricity Small Market,ShellEnergyAU,Asphalt Prod - Hobart (329),,8000002117,1,1,1,DEDI01_8000002117_8000002117,"Jul26,Aug26","Jul26,Aug26",76480.0,76480.0,-11.47,0.0,0.0,LGCs Tasmania 24-25,OK
Asphalt Prod - Hume (101),50002618040_7001184714_CERTS,6403510,137,100% Renewable Energy Certificates,{6000013}*{6000014},Kilowatt hours,50002618040_7001184714,6182745,100.0000,2026-07-01,,False,Electricity Large Market,Origin,Asphalt Prod - Hume (101),,7001184714,1,1,1,50002618040_7001184714,"Mar26,Apr26,May26,Jun26,Jul26,Aug26","Jul26,Aug26",180470.0,180470.0,-119.11,0.0,0.0,LGCs ACT 24-25,OK
Asphalt Prod - Invercargill,Copy of Eco_ICP_0000734355NVC9C_CERTS,6397549,81,100% Renewable Energy Certificates,{6000013}*{6000014},Kilowatt hours,Eco_ICP_0000734355NVC9C,6287769,100.0000,,,True,Electricity – purchased from grid [kWh],Ecotricity,Asphalt Prod - Invercargill,,0000734355NVC9C,1,1,1,Eco_ICP_0000734355NVC9C,"Mar26,Apr26,May26,Jun26,Jul26,Aug26","Mar26,Apr26,May26,Jun26",62319.0,0.0,0.0,3789.0,-0.38,,"NZ 'Copy of' name, no Effective From; source has Jul/Aug kWh but certificate account has none; certificate credited before 1 Jul 26"
Asphalt Prod - Mogo (154),50002617992_4204072845_CERTS,6403508,177,100% Renewable Energy Certificates,{6000013}*{6000014},Kilowatt hours,50002617992_4204072845,6181000,100.0000,2026-07-01,,False,Electricity Large Market,Origin,Asphalt Prod - Mogo (154),,4204072845,1,1,1,50002617992_4204072845,"Mar26,Apr26,May26,Jun26,Jul26,Aug26","Jul26,Aug26",58030.0,58030.0,-38.3,0.0,0.0,LGCs NSW 24-25,OK
Asphalt Prod - Mogo (154),50002769514_4001127731_CERTS,6403568,178,100% Renewable Energy Certificates,{6000013}*{6000014},Kilowatt hours,50002769514_4001127731,6203437,100.0000,2026-07-01,,False,Electricity Small Market,Origin,Asphalt Prod - Mogo (154),,4001127731,1,1,1,50002769514_4001127731,"Mar26,Apr26,May26,Jun26,Jul26,Aug26","Jul26,Aug26",6998.0,6998.0,-4.62,0.0,0.0,LGCs NSW 24-25,OK
Asphalt Prod - Mowbray (360),DEDI01_088_8000326927_CERTS,6403553,162,100% Renewable Energy Certificates,{6000013}*{6000014},Kilowatt hours,DEDI01_088_8000326927,6402936,100.0000,2026-07-01,,False,Electricity Small Market,ShellEnergyAU,Asphalt Prod - Mowbray (360),,8000326927,1,1,1,DEDI01_088_8000326927,"Jul26,Aug26","Jul26,Aug26",106670.0,106670.0,-16.0,0.0,0.0,LGCs Tasmania 24-25,OK
Asphalt Prod - Rosehill (163),50002756108_4311396021_CERTS,6403563,172,100% Renewable Energy Certificates,{6000013}*{6000014},Kilowatt hours,50002756108_4311396021,6200593,100.0000,2026-07-01,,False,Electricity Large Market,Origin,Asphalt Prod - Rosehill (163),,4311396021,1,1,1,50002756108_4311396021,"Mar26,Apr26,May26,Jun26,Jul26,Aug26","Jul26,Aug26",298187.0,298187.0,-196.8,0.0,0.0,LGCs NSW 24-25,OK
Asphalt Prod - Rosehill (163),50002756109_4311396022_CERTS,6403564,173,100% Renewable Energy Certificates,{6000013}*{6000014},Kilowatt hours,50002756109_4311396022,6200594,100.0000,2026-07-01,,False,Electricity Large Market,Origin,Asphalt Prod - Rosehill (163),,4311396022,1,1,1,50002756109_4311396022,"Mar26,Apr26,May26,Jun26,Jul26,Aug26","Jul26,Aug26",74024.0,74024.0,-48.86,0.0,0.0,LGCs NSW 24-25,OK
Asphalt Prod - Shepparton (308),900018214_6204134328_CERTS,6403571,181,100% Renewable Energy Certificates,{6000013}*{6000014},Kilowatt hours,900018214_6204134328,6402914,100.0000,2026-07-01,,False,Electricity Small Market,EngieAU,Asphalt Prod - Shepparton (308),,6204134328,1,1,1,900018214_6204134328,"Jul26,Aug26","Jul26,Aug26",99871.0,99871.0,-77.9,0.0,0.0,LGCs Victoria 25-26,OK
Asphalt Prod - Somerton (303),900018217_6001311036_CERTS,6403569,179,100% Renewable Energy Certificates,{6000013}*{6000014},Kilowatt hours,900018217_6001311036,6402917,100.0000,2026-07-01,,False,Electricity Small Market,EngieAU,Asphalt Prod - Somerton (303),,6001311036,1,1,1,900018217_6001311036,"Jul26,Aug26","Jul26,Aug26",178775.0,178775.0,-139.44,0.0,0.0,LGCs Victoria 25-26,OK
Asphalt Prod - Teralba (152),50002617996_4104030101_CERTS,6403554,163,100% Renewable Energy Certificates,{6000013}*{6000014},Kilowatt hours,50002617996_4104030101,6181421,100.0000,2026-07-01,,False,Electricity Large Market,Origin,Asphalt Prod - Teralba (152),,4104030101,1,1,1,50002617996_4104030101,"Mar26,Apr26,May26,Jun26,Jul26,Aug26","Jul26,Aug26",164936.0,164936.0,-108.86,0.0,0.0,LGCs NSW 24-25,OK
Asphalt Prod - Traralgon (300),900018219_6306009124_CERTS,6403573,183,100% Renewable Energy Certificates,{6000013}*{6000014},Kilowatt hours,900018219_6306009124,6402919,100.0000,2026-07-01,,False,Electricity Small Market,EngieAU,Asphalt Prod - Traralgon (300),,6306009124,1,1,1,900018219_6306009124,"Jul26,Aug26","Jul26,Aug26",59421.0,59421.0,-46.35,0.0,0.0,LGCs Victoria 25-26,OK
Asphalt Prod - Wellington,Copy of Eco_ICP_1001113152UNBF4_CERTS,6397550,82,100% Renewable Energy Certificates,{6000013}*{6000014},Kilowatt hours,Eco_ICP_1001113152UNBF4,6223427,100.0000,,,True,Electricity – purchased from grid [kWh],Ecotricity,Asphalt Prod - Wellington,,1001113152UNBF4,1,1,1,Eco_ICP_1001113152UNBF4,"Mar26,Apr26,May26,Jun26,Jul26,Aug26","Mar26,Apr26,May26,Jun26",159439.0,0.0,0.0,313293.0,-31.68,,"NZ 'Copy of' name, no Effective From; source has Jul/Aug kWh but certificate account has none; certificate credited before 1 Jul 26"
Asphalt Prod - Whangarei,Copy of Eco_ICP_0000519132NR7B9_CERTS,6397551,83,100% Renewable Energy Certificates,{6000013}*{6000014},Kilowatt hours,Eco_ICP_0000519132NR7B9,6223428,100.0000,,,True,Electricity – purchased from grid [kWh],Ecotricity,Asphalt Prod - Whangarei,,0000519132NR7B9,1,1,1,Eco_ICP_0000519132NR7B9,"Mar26,Apr26,May26,Jun26,Jul26,Aug26","Mar26,Apr26,May26,Jun26",87398.0,0.0,0.0,174652.0,-17.66,,"NZ 'Copy of' name, no Effective From; source has Jul/Aug kWh but certificate account has none; certificate credited before 1 Jul 26"
Asphalt Prod - Wingfield (523),900018209_2002254877_CERTS,6403580,190,100% Renewable Energy Certificates,{6000013}*{6000014},Kilowatt hours,900018209_2002254877,6402910,100.0000,2026-07-01,,False,Electricity Small Market,EngieAU,Asphalt Prod - Wingfield (523),,2002254877,1,1,1,900018209_2002254877,"Jul26,Aug26","Jul26,Aug26",210968.0,210968.0,-48.52,0.0,0.0,LGCs SA 24-25,OK
Asphalt Prod - Wodonga (315),900018213_VBBB002698_CERTS,6403576,186,100% Renewable Energy Certificates,{6000013}*{6000014},Kilowatt hours,900018213_VBBB002698,6402913,100.0000,2026-07-01,,False,Electricity Small Market,EngieAU,Asphalt Prod - Wodonga (315),,VBBB002698,1,1,1,900018213_VBBB002698,"Jul26,Aug26","Jul26,Aug26",66948.0,66948.0,-52.22,0.0,0.0,LGCs Victoria 25-26,OK
Auburn,50002617957_4103713125_CERTS,6403536,145,100% Renewable Energy Certificates,{6000013}*{6000014},Kilowatt hours,50002617957_4103713125,6181664,100.0000,2026-07-01,,False,Electricity Large Market,Origin,Auburn,,4103713125,1,1,1,50002617957_4103713125,"Mar26,Apr26,May26,Jun26,Jul26,Aug26","Jul26,Aug26",544217.0,544217.0,-359.18,0.0,0.0,LGCs NSW 24-25,OK
Auburn,50002617965_4103711576_CERTS,6403535,144,100% Renewable Energy Certificates,{6000013}*{6000014},Kilowatt hours,50002617965_4103711576,6182730,100.0000,2026-07-01,,False,Electricity Large Market,Origin,Auburn,,4103711576,1,1,1,50002617965_4103711576,"Mar26,Apr26,May26,Jun26,Jul26,Aug26","Jul26,Aug26",54147.0,54147.0,-35.74,0.0,0.0,LGCs NSW 24-25,OK
Austins Ferry,DEDI01_8000002963_CERTS,6403584,194,100% Renewable Energy Certificates,{6000013}*{6000014},Kilowatt hours,DEDI01_8000002963,6402933,100.0000,2026-07-01,,False,Electricity Small Market,ShellEnergyAU,Austins Ferry,,8000002963,1,1,1,DEDI01_8000002963,"Jul26,Aug26","Jul26,Aug26",15563.0,15563.0,-2.33,0.0,0.0,LGCs Tasmania 24-25,OK
"BOP Omanawa - 345 Matakokiri Drive, Tauranga",Copy of Eco_ICP_1000610486PC18D_CERTS,6397557,89,100% Renewable Energy Certificates,{6000013}*{6000014},Kilowatt hours,Eco_ICP_1000610486PC18D,6223442,100.0000,,,True,Electricity – purchased from grid [kWh],Ecotricity,"BOP Omanawa - 345 Matakokiri Drive, Tauranga",,1000610486PC18D,1,1,1,Eco_ICP_1000610486PC18D,"Mar26,Apr26,May26,Jun26,Jul26,Aug26","Mar26,Apr26,May26,Jun26",53956.0,0.0,0.0,100754.0,-10.19,,"NZ 'Copy of' name, no Effective From; source has Jul/Aug kWh but certificate account has none; certificate credited before 1 Jul 26"
Bitumen - Bluff,Copy of Eco_ICP_0000931749NV418_CERTS,6397552,84,100% Renewable Energy Certificates,{6000013}*{6000014},Kilowatt hours,Eco_ICP_0000931749NV418,6223429,100.0000,,,True,Electricity – purchased from grid [kWh],Ecotricity,Bitumen - Bluff,,0000931749NV418,1,1,1,Eco_ICP_0000931749NV418,"Mar26,Apr26,May26,Jun26,Jul26,Aug26","Mar26,Apr26,May26,Jun26",147029.0,0.0,0.0,155755.0,-15.75,,"NZ 'Copy of' name, no Effective From; source has Jul/Aug kWh but certificate account has none; certificate credited before 1 Jul 26"
Bitumen - Lyttleton,Copy of Eco_ICP_0006863450RN0A4_CERTS,6397553,85,100% Renewable Energy Certificates,{6000013}*{6000014},Kilowatt hours,Eco_ICP_0006863450RN0A4,6223431,100.0000,,,True,Electricity – purchased from grid [kWh],Ecotricity,Bitumen - Lyttleton,,0006863450RN0A4,1,1,1,Eco_ICP_0006863450RN0A4,"Mar26,Apr26,May26,Jun26,Jul26,Aug26","Mar26,Apr26,May26,Jun26",97185.0,0.0,0.0,228166.0,-23.07,,"NZ 'Copy of' name, no Effective From; source has Jul/Aug kWh but certificate account has none; certificate credited before 1 Jul 26"
Bitumen - Lyttleton,Copy of Eco_ICP_0007202058RN859_CERTS,6397554,86,100% Renewable Energy Certificates,{6000013}*{6000014},Kilowatt hours,Eco_ICP_0007202058RN859,6223430,100.0000,,,True,Electricity – purchased from grid [kWh],Ecotricity,Bitumen - Lyttleton,,0007202058RN859,1,1,1,Eco_ICP_0007202058RN859,"Mar26,Apr26,May26,Jun26,Jul26,Aug26","Mar26,Apr26,May26,Jun26",184519.0,0.0,0.0,357121.0,-36.11,,"NZ 'Copy of' name, no Effective From; source has Jul/Aug kWh but certificate account has none; certificate credited before 1 Jul 26"
Bitumen - Mt Maunganui,Copy of Eco_ICP_0000939570TUEC4_CERTS,6397555,87,100% Renewable Energy Certificates,{6000013}*{6000014},Kilowatt hours,Eco_ICP_0000939570TUEC4,6223432,100.0000,,,True,Electricity – purchased from grid [kWh],Ecotricity,Bitumen - Mt Maunganui,,0000939570TUEC4,1,1,1,Eco_ICP_0000939570TUEC4,"Mar26,Apr26,May26,Jun26,Jul26,Aug26","Mar26,Apr26,May26,Jun26",227951.0,0.0,0.0,508630.0,-51.43,,"NZ 'Copy of' name, no Effective From; source has Jul/Aug kWh but certificate account has none; certificate credited before 1 Jul 26"
Bitumen - Taranaki,Copy of Eco_ICP_0001510110PCCA2_CERTS,6397556,88,100% Renewable Energy Certificates,{6000013}*{6000014},Kilowatt hours,Eco_ICP_0001510110PCCA2,6223433,100.0000,,,True,Electricity – purchased from grid [kWh],Ecotricity,Bitumen - Taranaki,,0001510110PCCA2,1,1,1,Eco_ICP_0001510110PCCA2,"Mar26,Apr26,May26,Jun26,Jul26,Aug26","Mar26,Apr26,May26,Jun26",143609.0,0.0,0.0,292787.0,-29.61,,"NZ 'Copy of' name, no Effective From; source has Jul/Aug kWh but certificate account has none; certificate credited before 1 Jul 26"
Calder Park Light Service Facility,Calder Park 100% Renewable Electricity,6401429,114,100% Renewable Energy Certificates,{6000013}*{6000014},Kilowatt hours,Grid Electricity,6397585,100.0000,,,False,Electricity – purchased from grid [kWh],Downer,Calder Park Light Service Facility,,Grid Electricity,1,1,1,Grid Electricity,"Mar26,Apr26,May26,Jun26,Jul26,Aug26","Mar26,Apr26,May26,Jun26,Jul26,Aug26",413.0,413.0,-0.32,425.0,-0.33,LGCs Victoria 25-26,AU certificate with no Effective From; certificate credited before 1 Jul 26
Corporate - Offices (Cairns QLD),900018202_3030075637_CERTS,6403566,175,100% Renewable Energy Certificates,{6000013}*{6000014},Kilowatt hours,900018202_3030075637,6402209,100.0000,2026-07-01,,False,Electricity Small Market,EngieAU,Corporate - Offices (Cairns QLD),,3030075637,1,1,1,900018202_3030075637,"Jul26,Aug26","Jul26,Aug26",2108.0,2108.0,-1.5,0.0,0.0,LGCs QLD 24-25,OK
Dandenong - PAV,900018211_6407100027_CERTS,6403574,184,100% Renewable Energy Certificates,{6000013}*{6000014},Kilowatt hours,900018211_6407100027,6402911,100.0000,2026-07-01,,False,Electricity Small Market,EngieAU,Dandenong - PAV,,6407100027,1,1,1,900018211_6407100027,"Jul26,Aug26","Jul26,Aug26",17494.0,17494.0,-13.65,0.0,0.0,LGCs Victoria 25-26,OK
Eastern Creek,50002755315_4311006315_CERTS,6403562,171,100% Renewable Energy Certificates,{6000013}*{6000014},Kilowatt hours,50002755315_4311006315,6200866,100.0000,2026-07-01,,False,Electricity Large Market,Origin,Eastern Creek,,4311006315,1,1,1,50002755315_4311006315,"Mar26,Apr26,May26,Jun26,Jul26,Aug26","Jul26,Aug26",111201.0,111201.0,-73.39,0.0,0.0,LGCs NSW 24-25,OK
Gillman - PAV,900018206_2001160742_CERTS,6403579,189,100% Renewable Energy Certificates,{6000013}*{6000014},Kilowatt hours,900018206_2001160742,6402907,100.0000,2026-07-01,,False,Electricity Small Market,EngieAU,Gillman - PAV,,2001160742,1,1,1,900018206_2001160742,"Jul26,Aug26","Jul26,Aug26",20611.0,20611.0,-4.74,0.0,0.0,LGCs SA 24-25,OK
Gippsland Asphalt - Bairnsdale,900018218_6305885252_CERTS,6403509,136,100% Renewable Energy Certificates,{6000013}*{6000014},Kilowatt hours,900018218_6305885252,6402918,100.0000,2026-07-01,,False,Electricity Small Market,EngieAU,Gippsland Asphalt - Bairnsdale,,6305885252,1,1,1,900018218_6305885252,"Jul26,Aug26","Jul26,Aug26",46358.0,46358.0,-36.16,0.0,0.0,LGCs Victoria 25-26,OK
Gympie,1003085_3120129028_CERTS,6403602,199,100% Renewable Energy Certificates,{6000013}*{6000014},Kilowatt hours,1003085_3120129028,6400665,100.0000,2026-07-01,,False,Electricity Small Market,CSEnergy,Gympie,,3120129028,1,1,1,1003085_3120129028,"Apr26,May26,Jun26,Jul26,Aug26","Jul26,Aug26",28313.0,28313.0,-20.1,0.0,0.0,LGCs QLD 24-25,OK
HCMT -  East Pakenham Depot,HCMT 100% Renewable Deduction,6401427,113,100% Renewable Energy Certificates,{6000013}*{6000014},Kilowatt hours,68_Electricity – purchased from grid,6182821,100.0000,,,False,Electricity – purchased from grid [kWh],Downer,HCMT -  East Pakenham Depot,,Electricity – purchased from grid,1,1,1,0049_Electricity – purchased from grid | 68_Electricity – purchased from grid | 91190_Electricity – purchased from grid,"Mar26,Apr26,May26,Jun26,Jul26,Aug26","Mar26,Apr26,May26,Jun26,Jul26,Aug26",438924.0,438924.0,-342.36,777295.0,-606.29,LGCs Victoria 25-26,AU certificate with no Effective From; certificate credited before 1 Jul 26
Hamilton Depot,Copy of Eco_ICP_0000031643WEA48_CERTS,6397558,90,100% Renewable Energy Certificates,{6000013}*{6000014},Kilowatt hours,Eco_ICP_0000031643WEA48,6223434,100.0000,,,True,Electricity – purchased from grid [kWh],Ecotricity,Hamilton Depot,,0000031643WEA48,1,1,1,Eco_ICP_0000031643WEA48,"Mar26,Apr26,May26,Jun26,Jul26,Aug26","Mar26,Apr26,May26,Jun26",30195.0,0.0,0.0,61950.0,-6.26,,"NZ 'Copy of' name, no Effective From; source has Jul/Aug kWh but certificate account has none; certificate credited before 1 Jul 26"
Hastings Depot,Copy of Eco_ICP_0000015023HBABD_CERTS,6400408,112,100% Renewable Energy Certificates,{6000013}*{6000014},Kilowatt hours,Eco_ICP_0000015023HBABD,6223435,100.0000,,,True,Electricity – purchased from grid [kWh],Ecotricity,Hastings Depot,,0000015023HBABD,1,1,1,Eco_ICP_0000015023HBABD,"Mar26,Apr26,May26,Jun26,Jul26,Aug26","Mar26,Apr26,May26,Jun26",4581.0,0.0,0.0,9947.0,-1.01,,"NZ 'Copy of' name, no Effective From; source has Jul/Aug kWh but certificate account has none; certificate credited before 1 Jul 26"
Hastings Depot,Copy of Eco_ICP_0000024050WE5E2_CERTS,6397567,99,100% Renewable Energy Certificates,{6000013}*{6000014},Kilowatt hours,Eco_ICP_0000024050WE5E2,6391000,100.0000,,,True,Electricity – purchased from grid [kWh],,Hastings Depot,,0000024050WE5E2,1,1,2,Eco_ICP_0000024050WE5E2,"Mar26,Apr26,May26,Jun26,Jul26","Mar26,Apr26,May26,Jun26",48669.0,0.0,0.0,191537.0,-19.37,,"NZ 'Copy of' name, no Effective From; source account number exists at more than one open location; source has Jul/Aug kWh but certificate account has none; certificate credited before 1 Jul 26"
Hawkins Construction Recharges,Copy of Eco_ICP_0141534532LCA70_CERTS,6397561,93,100% Renewable Energy Certificates,{6000013}*{6000014},Kilowatt hours,Eco_ICP_0141534532LCA70,6287770,100.0000,,,True,Electricity – purchased from grid [kWh],Ecotricity,Hawkins Construction Recharges,,0141534532LCA70,1,1,1,Eco_ICP_0141534532LCA70,none,none,0.0,0.0,0.0,0.0,0.0,,"NZ 'Copy of' name, no Effective From; source has no kWh in Mar-Aug 26 export"
Hawkins Construction Recharges,Copy of Eco_ICP_1002147325UN75B_CERTS,6397560,92,100% Renewable Energy Certificates,{6000013}*{6000014},Kilowatt hours,Eco_ICP_1002147325UN75B,6223436,100.0000,,,True,Electricity – purchased from grid [kWh],Ecotricity,Hawkins Construction Recharges,,1002147325UN75B,1,1,1,Eco_ICP_1002147325UN75B,"Mar26,Apr26,May26","Mar26,Apr26,May26",0.0,0.0,0.0,32213.0,-3.26,,"NZ 'Copy of' name, no Effective From; certificate credited before 1 Jul 26"
Hexham Office,50002617953_4103803680_CERTS,6403545,154,100% Renewable Energy Certificates,{6000013}*{6000014},Kilowatt hours,50002617953_4103803680,6182723,100.0000,2026-07-01,,False,Electricity Large Market,Origin,Hexham Office,,4103803680,1,1,1,50002617953_4103803680,"Mar26,Apr26,May26,Jun26,Jul26,Aug26","Jul26,Aug26",52838.0,52838.0,-34.87,0.0,0.0,LGCs NSW 24-25,OK
Largs Bay,900018207_SAAAAAC481_CERTS,6403582,192,100% Renewable Energy Certificates,{6000013}*{6000014},Kilowatt hours,900018207_SAAAAAC481,6402908,100.0000,2026-07-01,,False,Electricity Small Market,EngieAU,Largs Bay,,SAAAAAC481,1,1,1,900018207_SAAAAAC481,"Jul26,Aug26","Jul26,Aug26",24730.0,24730.0,-5.69,0.0,0.0,LGCs SA 24-25,OK
Largs Bay,900018208_SAAAAAB023_CERTS,6403581,191,100% Renewable Energy Certificates,{6000013}*{6000014},Kilowatt hours,900018208_SAAAAAB023,6402909,100.0000,2026-07-01,,False,Electricity Small Market,EngieAU,Largs Bay,,SAAAAAB023,1,1,1,900018208_SAAAAAB023,"Jul26,Aug26","Jul26,Aug26",85105.0,85105.0,-19.57,0.0,0.0,LGCs SA 24-25,OK
MT-Carrara,900018193_QB06082220_CERTS,6403578,188,100% Renewable Energy Certificates,{6000013}*{6000014},Kilowatt hours,900018193_QB06082220,6402906,100.0000,2026-07-01,,False,Electricity Small Market,EngieAU,MT-Carrara,,QB06082220,1,1,1,900018193_QB06082220,"Jul26,Aug26","Jul26,Aug26",13654.0,13654.0,-9.69,0.0,0.0,LGCs QLD 24-25,OK
MT-Carrara,900018198_QB06081428_CERTS,6403551,160,100% Renewable Energy Certificates,{6000013}*{6000014},Kilowatt hours,900018198_QB06081428,6403469,100.0000,2026-07-01,,False,Electricity Small Market,EngieAU,MT-Carrara,,QB06081428,1,1,1,900018198_QB06081428,"Jul26,Aug26","Jul26,Aug26",198488.0,198488.0,-140.93,0.0,0.0,LGCs QLD 24-25,OK
Maryborough,900018200_QGGG000010_CERTS,6403552,161,100% Renewable Energy Certificates,{6000013}*{6000014},Kilowatt hours,900018200_QGGG000010,6403471,100.0000,2026-07-01,,False,Electricity Small Market,EngieAU,Maryborough,,QGGG000010,1,1,1,900018200_QGGG000010,"Jul26,Aug26","Jul26,Aug26",549014.0,549014.0,-389.8,0.0,0.0,LGCs QLD 24-25,OK
"Mulgrave - Wellington Rd, Clayton",900018210_6407695655_CERTS,6403575,185,100% Renewable Energy Certificates,{6000013}*{6000014},Kilowatt hours,900018210_6407695655,6402210,100.0000,2026-07-01,,False,Electricity Small Market,EngieAU,"Mulgrave - Wellington Rd, Clayton",,6407695655,1,1,1,900018210_6407695655,"Jul26,Aug26","Jul26,Aug26",4958.0,4958.0,-3.87,0.0,0.0,LGCs Victoria 25-26,OK
Nelson Depot,Copy of Eco_ICP_0000052034NT6A8_CERTS,6397562,94,100% Renewable Energy Certificates,{6000013}*{6000014},Kilowatt hours,Eco_ICP_0000052034NT6A8,6223437,100.0000,,,True,Electricity – purchased from grid [kWh],Ecotricity,Nelson Depot,,0000052034NT6A8,1,1,1,Eco_ICP_0000052034NT6A8,"Mar26,Apr26,May26,Jun26,Jul26,Aug26","Mar26,Apr26,May26,Jun26",13574.0,0.0,0.0,38523.0,-3.9,,"NZ 'Copy of' name, no Effective From; source has Jul/Aug kWh but certificate account has none; certificate credited before 1 Jul 26"
North Ryde T1 - Level 1,50002617971_4103737729_CERTS,6403538,147,100% Renewable Energy Certificates,{6000013}*{6000014},Kilowatt hours,50002617971_4103737729,6181415,100.0000,2026-07-01,,False,Electricity Large Market,Origin,North Ryde T1 - Level 1,,4103737729,1,1,1,50002617971_4103737729,"Mar26,Apr26,May26,Jun26,Jul26,Aug26","Jul26,Aug26",1524.0,1524.0,-1.01,0.0,0.0,LGCs NSW 24-25,OK
North Ryde T1 - Level 1,50002617973_4103737079_CERTS,6403537,146,100% Renewable Energy Certificates,{6000013}*{6000014},Kilowatt hours,50002617973_4103737079,6182734,100.0000,2026-07-01,,False,Electricity Large Market,Origin,North Ryde T1 - Level 1,,4103737079,1,1,1,50002617973_4103737079,"Mar26,Apr26,May26,Jun26,Jul26,Aug26","Jul26,Aug26",1453.0,1453.0,-0.96,0.0,0.0,LGCs NSW 24-25,OK
North Ryde T1 - Level 3,50002617966_4103742939_CERTS,6403540,149,100% Renewable Energy Certificates,{6000013}*{6000014},Kilowatt hours,50002617966_4103742939,6182731,100.0000,2026-07-01,,False,Electricity Large Market,Origin,North Ryde T1 - Level 3,,4103742939,1,1,1,50002617966_4103742939,"Mar26,Apr26,May26,Jun26,Jul26,Aug26","Jul26,Aug26",11495.0,11495.0,-7.59,0.0,0.0,LGCs NSW 24-25,OK
North Ryde T1 - Level 3,50002617975_4103742938_CERTS,6403539,148,100% Renewable Energy Certificates,{6000013}*{6000014},Kilowatt hours,50002617975_4103742938,6182735,100.0000,2026-07-01,,False,Electricity Large Market,Origin,North Ryde T1 - Level 3,,4103742938,1,1,1,50002617975_4103742938,"Mar26,Apr26,May26,Jun26,Jul26,Aug26","Jul26,Aug26",16161.0,16161.0,-10.67,0.0,0.0,LGCs NSW 24-25,OK
North Ryde T1 - Level 4,50002617985_4103742940_CERTS,6403541,150,100% Renewable Energy Certificates,{6000013}*{6000014},Kilowatt hours,50002617985_4103742940,6182741,100.0000,2026-07-01,,False,Electricity Large Market,Origin,North Ryde T1 - Level 4,,4103742940,1,1,1,50002617985_4103742940,"Mar26,Apr26,May26,Jun26,Jul26,Aug26","Jul26,Aug26",16027.0,16027.0,-10.58,0.0,0.0,LGCs NSW 24-25,OK
North Ryde T3 - Level 2,50002617958_4103759848_CERTS,6403542,151,100% Renewable Energy Certificates,{6000013}*{6000014},Kilowatt hours,50002617958_4103759848,6182726,100.0000,2026-07-01,,False,Electricity Large Market,Origin,North Ryde T3 - Level 2,,4103759848,1,1,1,50002617958_4103759848,"Mar26,Apr26,May26,Jun26,Jul26,Aug26","Jul26,Aug26",17791.0,17791.0,-11.74,0.0,0.0,LGCs NSW 24-25,OK
North Ryde T3 - Level 3,50002617952_4103759849_CERTS,6403543,152,100% Renewable Energy Certificates,{6000013}*{6000014},Kilowatt hours,50002617952_4103759849,6182722,100.0000,2026-07-01,,False,Electricity Large Market,Origin,North Ryde T3 - Level 3,,4103759849,1,1,1,50002617952_4103759849,"Mar26,Apr26,May26,Jun26,Jul26,Aug26","Jul26,Aug26",16735.0,16735.0,-11.04,0.0,0.0,LGCs NSW 24-25,OK
PPP - HQJOC (ACT),50002617969_4001200751_CERTS,6403513,140,100% Renewable Energy Certificates,{6000013}*{6000014},Kilowatt hours,50002617969_4001200751,6182789,100.0000,2026-07-01,,False,Electricity Large Market,Origin,PPP - HQJOC (ACT),,4001200751,1,1,1,50002617969_4001200751,none,none,0.0,0.0,0.0,0.0,0.0,,source has no kWh in Mar-Aug 26 export
PPP - NSW Schools 2 (Ashtonfield PS),50002716068_4103689689_CERTS,6403533,142,100% Renewable Energy Certificates,{6000013}*{6000014},Kilowatt hours,50002716068_4103689689,6195533,100.0000,2026-07-01,,False,Electricity Large Market,Origin,PPP - NSW Schools 2 (Ashtonfield PS),,4103689689,1,1,1,50002716068_4103689689,none,none,0.0,0.0,0.0,0.0,0.0,,source has no kWh in Mar-Aug 26 export
PPP - NSW Schools 2 (Elderslie PS),50002617988_4311006154_CERTS,6403560,169,100% Renewable Energy Certificates,{6000013}*{6000014},Kilowatt hours,50002617988_4311006154,6182742,100.0000,2026-07-01,,False,Electricity Large Market,Origin,PPP - NSW Schools 2 (Elderslie PS),,4311006154,1,1,1,50002617988_4311006154,none,none,0.0,0.0,0.0,0.0,0.0,,source has no kWh in Mar-Aug 26 export
PPP - NSW Schools 2 (Halinda SSP),50002617986_4310934278_CERTS,6403555,164,100% Renewable Energy Certificates,{6000013}*{6000014},Kilowatt hours,50002617986_4310934278,6182791,100.0000,2026-07-01,,False,Electricity Large Market,Origin,PPP - NSW Schools 2 (Halinda SSP),,4310934278,1,1,1,50002617986_4310934278,none,none,0.0,0.0,0.0,0.0,0.0,,source has no kWh in Mar-Aug 26 export
PPP - NSW Schools 2 (John Palmer PS),50002617955_4310957406_CERTS,6403558,167,100% Renewable Energy Certificates,{6000013}*{6000014},Kilowatt hours,50002617955_4310957406,6182724,100.0000,2026-07-01,,False,Electricity Large Market,Origin,PPP - NSW Schools 2 (John Palmer PS),,4310957406,1,1,1,50002617955_4310957406,none,none,0.0,0.0,0.0,0.0,0.0,,source has no kWh in Mar-Aug 26 export
PPP - NSW Schools 2 (Kariong),50002617993_4103766552_CERTS,6403544,153,100% Renewable Energy Certificates,{6000013}*{6000014},Kilowatt hours,50002617993_4103766552,6181420,100.0000,2026-07-01,,False,Electricity Large Market,Origin,PPP - NSW Schools 2 (Kariong),,4103766552,1,1,1,50002617993_4103766552,none,none,0.0,0.0,0.0,0.0,0.0,,source has no kWh in Mar-Aug 26 export
PPP - NSW Schools 2 (Kelso HS),50002617982_4001198085_CERTS,6403512,139,100% Renewable Energy Certificates,{6000013}*{6000014},Kilowatt hours,50002617982_4001198085,6182790,100.0000,2026-07-01,,False,Electricity Large Market,Origin,PPP - NSW Schools 2 (Kelso HS),,4001198085,1,1,1,50002617982_4001198085,none,none,0.0,0.0,0.0,0.0,0.0,,source has no kWh in Mar-Aug 26 export
PPP - NSW Schools 2 (Middleton Grange PS),50002617951_4311006155_CERTS,6403561,170,100% Renewable Energy Certificates,{6000013}*{6000014},Kilowatt hours,50002617951_4311006155,6182721,100.0000,2026-07-01,,False,Electricity Large Market,Origin,PPP - NSW Schools 2 (Middleton Grange PS),,4311006155,1,1,1,50002617951_4311006155,none,none,0.0,0.0,0.0,0.0,0.0,,source has no kWh in Mar-Aug 26 export
PPP - NSW Schools 2 (Ropes Crossing PS),50002617970_4310938258_CERTS,6403556,165,100% Renewable Energy Certificates,{6000013}*{6000014},Kilowatt hours,50002617970_4310938258,6182733,100.0000,2026-07-01,,False,Electricity Large Market,Origin,PPP - NSW Schools 2 (Ropes Crossing PS),,4310938258,1,1,1,50002617970_4310938258,none,none,0.0,0.0,0.0,0.0,0.0,,source has no kWh in Mar-Aug 26 export
PPP - NSW Schools 2 (Rouse Hill HS),50002617959_4310984436_CERTS,6403559,168,100% Renewable Energy Certificates,{6000013}*{6000014},Kilowatt hours,50002617959_4310984436,6182788,100.0000,2026-07-01,,False,Electricity Large Market,Origin,PPP - NSW Schools 2 (Rouse Hill HS),,4310984436,1,1,1,50002617959_4310984436,none,none,0.0,0.0,0.0,0.0,0.0,,source has no kWh in Mar-Aug 26 export
PPP - NSW Schools 2 (Tulimbar PS),50002716071_4310955386_CERTS,6403557,166,100% Renewable Energy Certificates,{6000013}*{6000014},Kilowatt hours,50002716071_4310955386,6195905,100.0000,2026-07-01,,False,Electricity Large Market,Origin,PPP - NSW Schools 2 (Tulimbar PS),,4310955386,1,1,1,50002716071_4310955386,none,none,0.0,0.0,0.0,0.0,0.0,,source has no kWh in Mar-Aug 26 export
PPP - NSW Schools 2 (Warnervale PS),50002617995_4103705443_CERTS,6403534,143,100% Renewable Energy Certificates,{6000013}*{6000014},Kilowatt hours,50002617995_4103705443,6181001,100.0000,2026-07-01,,False,Electricity Large Market,Origin,PPP - NSW Schools 2 (Warnervale PS),,4103705443,1,1,1,50002617995_4103705443,none,none,0.0,0.0,0.0,0.0,0.0,,source has no kWh in Mar-Aug 26 export
PPP - SICEEP,50002617956_4103927808_CERTS,6403548,157,100% Renewable Energy Certificates,{6000013}*{6000014},Kilowatt hours,50002617956_4103927808,6182725,100.0000,2026-07-01,,False,Electricity Large Market,Origin,PPP - SICEEP,,4103927808,1,1,1,50002617956_4103927808,none,none,0.0,0.0,0.0,0.0,0.0,,source has no kWh in Mar-Aug 26 export
PPP - SICEEP,50002617960_4103927804_CERTS,6403546,155,100% Renewable Energy Certificates,{6000013}*{6000014},Kilowatt hours,50002617960_4103927804,6182727,100.0000,2026-07-01,,False,Electricity Large Market,Origin,PPP - SICEEP,,4103927804,1,1,1,50002617960_4103927804,none,none,0.0,0.0,0.0,0.0,0.0,,source has no kWh in Mar-Aug 26 export
PPP - SICEEP,50002617968_4103927806_CERTS,6403547,156,100% Renewable Energy Certificates,{6000013}*{6000014},Kilowatt hours,50002617968_4103927806,6182732,100.0000,2026-07-01,,False,Electricity Large Market,Origin,PPP - SICEEP,,4103927806,1,1,1,50002617968_4103927806,none,none,0.0,0.0,0.0,0.0,0.0,,source has no kWh in Mar-Aug 26 export
PPP - SICEEP,50002617980_4103927809_CERTS,6403549,158,100% Renewable Energy Certificates,{6000013}*{6000014},Kilowatt hours,50002617980_4103927809,6182739,100.0000,2026-07-01,,False,Electricity Large Market,Origin,PPP - SICEEP,,4103927809,1,1,1,50002617980_4103927809,none,none,0.0,0.0,0.0,0.0,0.0,,source has no kWh in Mar-Aug 26 export
PPP - Southbank TAFE (QLD),1003074_3116382269_CERTS,6403605,202,100% Renewable Energy Certificates,{6000013}*{6000014},Kilowatt hours,1003074_3116382269,6221496,100.0000,2026-07-01,,False,Electricity Small Market,CSEnergy,PPP - Southbank TAFE (QLD),,3116382269,1,1,1,1003074_3116382269,none,none,0.0,0.0,0.0,0.0,0.0,,source has no kWh in Mar-Aug 26 export
PPP - Sunshine Coast University Hospital,1003075_3120143385_CERTS,6403606,203,100% Renewable Energy Certificates,{6000013}*{6000014},Kilowatt hours,1003075_3120143385,6221497,100.0000,2026-07-01,,False,Electricity Small Market,CSEnergy,PPP - Sunshine Coast University Hospital,,3120143385,1,1,1,1003075_3120143385,none,none,0.0,0.0,0.0,0.0,0.0,,source has no kWh in Mar-Aug 26 export
Quarry - WOK,Copy of Eco_ICP_0005302992ENB6A_CERTS,6397563,95,100% Renewable Energy Certificates,{6000013}*{6000014},Kilowatt hours,Eco_ICP_0005302992ENB6A,6223438,100.0000,,,True,Electricity – purchased from grid [kWh],Ecotricity,Quarry - WOK,,0005302992ENB6A,1,1,1,Eco_ICP_0005302992ENB6A,"Mar26,Apr26,May26,Jun26,Jul26,Aug26","Mar26,Apr26,May26,Jun26",14178.0,0.0,0.0,23893.0,-2.42,,"NZ 'Copy of' name, no Effective From; source has Jul/Aug kWh but certificate account has none; certificate credited before 1 Jul 26"
RPQ NSW Chinderah,50002846159_4407159054_CERTS,6403565,174,100% Renewable Energy Certificates,{6000013}*{6000014},Kilowatt hours,50002846159_4407159054,6225313,100.0000,2026-07-01,,False,Electricity Small Market,Origin,RPQ NSW Chinderah,,4407159054,1,1,1,50002846159_4407159054,"Mar26,Apr26,May26,Jun26,Jul26,Aug26","Jul26,Aug26",62718.0,62718.0,-41.39,0.0,0.0,LGCs NSW 24-25,OK
RPQ NSW Moree,50002617997_4001287259_CERTS,6403514,141,100% Renewable Energy Certificates,{6000013}*{6000014},Kilowatt hours,50002617997_4001287259,6182659,100.0000,2026-07-01,,False,Electricity Large Market,Origin,RPQ NSW Moree,,4001287259,1,1,1,50002617997_4001287259,"Mar26,Apr26,May26,Jun26,Jul26,Aug26","Jul26,Aug26",4238.0,4238.0,-2.8,0.0,0.0,LGCs NSW 24-25,OK
RPQ Spray Seal,1003070_3120014382_CERTS,6403599,196,100% Renewable Energy Certificates,{6000013}*{6000014},Kilowatt hours,1003070_3120014382,6221495,100.0000,2026-07-01,,False,Electricity Small Market,CSEnergy,RPQ Spray Seal,,3120014382,1,1,1,1003070_3120014382,"Mar26,Apr26,May26,Jun26,Jul26,Aug26","Jul26,Aug26",60251.0,60251.0,-42.78,0.0,0.0,LGCs QLD 24-25,OK
RPQ Spray Seal,1003072_3051770385_CERTS,6403598,195,100% Renewable Energy Certificates,{6000013}*{6000014},Kilowatt hours,1003072_3051770385,6221425,100.0000,2026-07-01,,False,Electricity Small Market,CSEnergy,RPQ Spray Seal,,3051770385,1,1,1,1003072_3051770385,"Mar26,Apr26,May26,Jun26,Jul26,Aug26","Jul26,Aug26",33153.0,33153.0,-23.54,0.0,0.0,LGCs QLD 24-25,OK
RPQ Swanbank,1003071_3120070486_CERTS,6403600,197,100% Renewable Energy Certificates,{6000013}*{6000014},Kilowatt hours,1003071_3120070486,6221424,100.0000,2026-07-01,,False,Electricity Small Market,CSEnergy,RPQ Swanbank,,3120070486,1,1,1,1003071_3120070486,"Mar26,Apr26,May26,Jun26,Jul26,Aug26","Jul26,Aug26",53544.0,53544.0,-38.02,0.0,0.0,LGCs QLD 24-25,OK
Richlands,900018192_3116600011_CERTS,6403567,176,100% Renewable Energy Certificates,{6000013}*{6000014},Kilowatt hours,900018192_3116600011,6402905,100.0000,2026-07-01,,False,Electricity Small Market,EngieAU,Richlands,,3116600011,1,1,1,900018192_3116600011,"Jul26,Aug26","Jul26,Aug26",6589.0,6589.0,-4.68,0.0,0.0,LGCs QLD 24-25,OK
Somerton Emulsion Plant,900018216_VDDD001226_CERTS,6403577,187,100% Renewable Energy Certificates,{6000013}*{6000014},Kilowatt hours,900018216_VDDD001226,6402916,100.0000,2026-07-01,,False,Electricity Small Market,EngieAU,Somerton Emulsion Plant,,VDDD001226,1,1,1,900018216_VDDD001226,"Jul26,Aug26","Jul26,Aug26",173807.0,173807.0,-135.57,0.0,0.0,LGCs Victoria 25-26,OK
Tamworth,50002617983_4001158058_CERTS,6403511,138,100% Renewable Energy Certificates,{6000013}*{6000014},Kilowatt hours,50002617983_4001158058,6182858,100.0000,2026-07-01,,False,Electricity Large Market,Origin,Tamworth,,4001158058,1,1,1,50002617983_4001158058,Mar26,none,0.0,0.0,0.0,0.0,0.0,LGCs NSW 24-25,OK
Tauranga Area Manager,Copy of Eco_ICP_1000522230PCA6E_CERTS,6397564,96,100% Renewable Energy Certificates,{6000013}*{6000014},Kilowatt hours,Eco_ICP_1000522230PCA6E,6223439,100.0000,,,True,Electricity – purchased from grid [kWh],Ecotricity,Tauranga Area Manager,,1000522230PCA6E,1,1,1,Eco_ICP_1000522230PCA6E,"Mar26,Apr26,May26,Jun26,Jul26,Aug26","Mar26,Apr26,May26,Jun26",8077.0,0.0,0.0,36602.0,-3.7,,"NZ 'Copy of' name, no Effective From; source has Jul/Aug kWh but certificate account has none; certificate credited before 1 Jul 26"
Teneriffe - Brisbane (QLD),1003084_3117134943_CERTS,6403604,201,100% Renewable Energy Certificates,{6000013}*{6000014},Kilowatt hours,1003084_3117134943,6400664,100.0000,2026-07-01,,False,Electricity Small Market,CSEnergy,Teneriffe - Brisbane (QLD),,3117134943,1,1,1,1003084_3117134943,"Apr26,May26,Jun26,Jul26,Aug26","Jul26,Aug26",17462.0,17462.0,-12.4,0.0,0.0,LGCs QLD 24-25,OK
Utilities Derrimut Office,900018212_6203753676_CERTS,6403570,180,100% Renewable Energy Certificates,{6000013}*{6000014},Kilowatt hours,900018212_6203753676,6402912,100.0000,2026-07-01,,False,Electricity Small Market,EngieAU,Utilities Derrimut Office,,6203753676,1,1,1,900018212_6203753676,"Jul26,Aug26","Jul26,Aug26",48974.0,48974.0,-38.2,0.0,0.0,LGCs Victoria 25-26,OK
Wellington Depot,Copy of Eco_ICP_1001151226CK008_CERTS,6397565,97,100% Renewable Energy Certificates,{6000013}*{6000014},Kilowatt hours,Eco_ICP_1001151226CK008,6223440,100.0000,,,True,Electricity – purchased from grid [kWh],Ecotricity,Wellington Depot,,1001151226CK008,1,1,1,Eco_ICP_1001151226CK008,"Mar26,Apr26,May26,Jun26,Jul26,Aug26","Mar26,Apr26,May26,Jun26",82822.0,0.0,0.0,150505.0,-15.22,,"NZ 'Copy of' name, no Effective From; source has Jul/Aug kWh but certificate account has none; certificate credited before 1 Jul 26"
Wiri (130 Kerrs Rd),Copy of Eco_ICP_1001240514LC3EB_CERTS,6397566,98,100% Renewable Energy Certificates,{6000013}*{6000014},Kilowatt hours,Eco_ICP_1001240514LC3EB,6223441,100.0000,,,True,Electricity – purchased from grid [kWh],Ecotricity,Wiri (130 Kerrs Rd),,1001240514LC3EB,1,1,1,Eco_ICP_1001240514LC3EB,"Mar26,Apr26,May26,Jun26,Jul26,Aug26","Mar26,Apr26,May26,Jun26",208100.0,0.0,0.0,392209.0,-39.66,,"NZ 'Copy of' name, no Effective From; source has Jul/Aug kWh but certificate account has none; certificate credited before 1 Jul 26"
Cardiff - Rail,Tenant 700000536_ZZZZ001261,6397575,109,Cardiff Electricity Apportionment,-({6000024})*{6000025},Total Cost,700000536_ZZZZ001261,6219891,100.0000,,,False,Electricity Small Market,CleanPeakEnergy,Cardiff - Rail,,ZZZZ001261,1,1,1,700000536_ZZZZ001261 | Tenant 700000536_ZZZZ001261,"Mar26,Apr26,May26,Jun26,Jul26,Aug26",none,514372.0,0.0,0.0,0.0,0.0,,OK
Cardiff - Rail,Tenant Electricity_Cardiff Rail,6397574,108,Cardiff Electricity Apportionment,-({6000024})*{6000025},Total Cost,Electricity_Cardiff Rail,6133983,100.0000,,,False,Electricity – purchased from grid [kWh],Downer,Cardiff - Rail,28 Feb 2023,Cardiff Rail,1,1,0,,none,none,0.0,0.0,0.0,0.0,0.0,,source closed 28 Feb 2023; source has no kWh in Mar-Aug 26 export
Cardiff - Rail,Tenant 1109120_5247064745,6397571,102,Cardiff Gas Tenant Apportionment,{6000022}*{6000023},GJ,1109120_5247064745,6198815,100.0000,,,False,Natural Gas - PDF Parsing,CovauEnergy,Cardiff - Rail,09 Feb 2022,5247064745,1,1,0,,none,none,0.0,0.0,0.0,0.0,0.0,,source closed 09 Feb 2022; source has no kWh in Mar-Aug 26 export
Cardiff - Rail,Tenant 51632065_5247064745,6397572,101,Cardiff Gas Tenant Apportionment,{6000022}*{6000023},GJ,51632065_5247064745,6166885,100.0000,,,False,Natural Gas - PDF Parsing,AGL,Cardiff - Rail,31 Aug 2020,5247064745,1,1,0,,none,none,0.0,0.0,0.0,0.0,0.0,,source closed 31 Aug 2020; source has no kWh in Mar-Aug 26 export
Cardiff - Rail,Tenant 7733066771_5247064745,6397570,103,Cardiff Gas Tenant Apportionment,{6000022}*{6000023},GJ,7733066771_5247064745,6207348,100.0000,,,False,Natural Gas - PDF Parsing,EnergyAustralia,Cardiff - Rail,08 Feb 2023,5247064745,1,1,0,,none,none,0.0,0.0,0.0,0.0,0.0,,source closed 08 Feb 2023; source has no kWh in Mar-Aug 26 export
Cardiff - Rail,Tenant 9248380435_5247064745,6397569,104,Cardiff Gas Tenant Apportionment,{6000022}*{6000023},GJ,9248380435_5247064745,6220412,100.0000,,,False,Natural Gas - PDF Parsing,EnergyAustralia,Cardiff - Rail,09 Jun 2023,5247064745,1,1,0,,none,none,0.0,0.0,0.0,0.0,0.0,,source closed 09 Jun 2023; source has no kWh in Mar-Aug 26 export
Cardiff - Rail,Tenant A-DF77364D_5247064745,6397573,105,Cardiff Gas Tenant Apportionment,{6000022}*{6000023},GJ,A-DF77364D_5247064745,6221346,100.0000,,,False,Natural Gas - PDF Parsing,Origin,Cardiff - Rail,18 Jun 2025,5247064745,1,1,0,,none,none,0.0,0.0,0.0,0.0,0.0,,source closed 18 Jun 2025; source has no kWh in Mar-Aug 26 export
Cardiff - Rail,Tenant Apportionment 50002958793_5247064745,6397568,100,Cardiff Gas Tenant Apportionment,{6000022}*{6000023},GJ,50002958793_5247064745,6389436,100.0000,,,False,Natural Gas - PDF Parsing,Origin,Cardiff - Rail,,5247064745,1,1,1,,none,none,0.0,0.0,0.0,0.0,0.0,,source has no kWh in Mar-Aug 26 export
Cardiff - Rail,Tenant 700000536_ZZZZ001261,6397575,106,Cardiff Tenant Apportionment,(-{6000020})*{6000021},Kilowatt hours,700000536_ZZZZ001261,6219891,100.0000,,,False,Electricity Small Market,CleanPeakEnergy,Cardiff - Rail,,ZZZZ001261,1,1,1,700000536_ZZZZ001261 | Tenant 700000536_ZZZZ001261,"Mar26,Apr26,May26,Jun26,Jul26,Aug26",none,514372.0,0.0,0.0,0.0,0.0,,OK
Cardiff - Rail,Tenant Electricity_Cardiff Rail,6397574,107,Cardiff Tenant Apportionment,(-{6000020})*{6000021},Kilowatt hours,Electricity_Cardiff Rail,6133983,100.0000,,,False,Electricity – purchased from grid [kWh],Downer,Cardiff - Rail,28 Feb 2023,Cardiff Rail,1,1,0,,none,none,0.0,0.0,0.0,0.0,0.0,,source closed 28 Feb 2023; source has no kWh in Mar-Aug 26 export
