Location,Virtual Account Name,Source Name,Effective From YYYY-MM-DD,source_supplier,source_replaced_on,source_kwh_Mar26,source_kwh_Apr26,source_kwh_May26,source_kwh_Jun26,source_kwh_Jul26,source_kwh_Aug26,certificate_tco2e_Mar26,certificate_tco2e_Apr26,certificate_tco2e_May26,certificate_tco2e_Jun26,certificate_tco2e_Jul26,certificate_tco2e_Aug26,credit_before_FY27_tco2e,monthly_run_rate_tco2e,FY27_credit_missing_JulAug_tco2e,flags
Bitumen - Mt Maunganui,Copy of Eco_ICP_0000939570TUEC4_CERTS,Eco_ICP_0000939570TUEC4,,Ecotricity,,143614,130155,122548,112313,114834,113116,-14.52,-13.16,-12.39,-11.36,0,0,-51.43,-12.86,23.05,"NZ 'Copy of' name, no Effective From; source has Jul/Aug kWh but certificate account has none; certificate credited before 1 Jul 26"
Asphalt Prod - Auckland,Copy of Eco_ICP_1001126325LC57C_CERTS,Eco_ICP_1001126325LC57C,,Ecotricity,,122857,115721,118408,119810,131413,124230,-12.42,-11.7,-11.97,-12.12,0,0,-48.21,-12.05,25.85,"NZ 'Copy of' name, no Effective From; source has Jul/Aug kWh but certificate account has none; certificate credited before 1 Jul 26"
Wiri (130 Kerrs Rd),Copy of Eco_ICP_1001240514LC3EB_CERTS,Eco_ICP_1001240514LC3EB,,Ecotricity,,104995,95759,96979,94477,103272,104828,-10.62,-9.68,-9.81,-9.55,0,0,-39.66,-9.91,21.04,"NZ 'Copy of' name, no Effective From; source has Jul/Aug kWh but certificate account has none; certificate credited before 1 Jul 26"
Bitumen - Lyttleton,Copy of Eco_ICP_0007202058RN859_CERTS,Eco_ICP_0007202058RN859,,Ecotricity,,86957,84674,93512,91978,92309,92210,-8.79,-8.56,-9.46,-9.3,0,0,-36.11,-9.03,18.66,"NZ 'Copy of' name, no Effective From; source has Jul/Aug kWh but certificate account has none; certificate credited before 1 Jul 26"
Asphalt Prod - Wellington,Copy of Eco_ICP_1001113152UNBF4_CERTS,Eco_ICP_1001113152UNBF4,,Ecotricity,,81401,77547,77624,76721,78834,80605,-8.23,-7.84,-7.85,-7.76,0,0,-31.68,-7.92,16.12,"NZ 'Copy of' name, no Effective From; source has Jul/Aug kWh but certificate account has none; certificate credited before 1 Jul 26"
Bitumen - Taranaki,Copy of Eco_ICP_0001510110PCCA2_CERTS,Eco_ICP_0001510110PCCA2,,Ecotricity,,79428,70445,70941,71973,72409,71200,-8.03,-7.12,-7.17,-7.28,0,0,-29.6,-7.4,14.52,"NZ 'Copy of' name, no Effective From; source has Jul/Aug kWh but certificate account has none; certificate credited before 1 Jul 26"
Bitumen - Lyttleton,Copy of Eco_ICP_0006863450RN0A4_CERTS,Eco_ICP_0006863450RN0A4,,Ecotricity,,60279,54906,56980,56001,49665,47520,-6.1,-5.55,-5.76,-5.66,0,0,-23.07,-5.77,9.83,"NZ 'Copy of' name, no Effective From; source has Jul/Aug kWh but certificate account has none; certificate credited before 1 Jul 26"
Asphalt Prod - Hamilton,Copy of Eco_ICP_0000024050WE5E2_CERTS,Eco_ICP_0000024050WE5E2,,Ecotricity,,50251,44968,47769,52667,51902,46404,-5.08,-4.55,-4.83,-5.33,0,0,-19.79,-4.95,9.94,"NZ 'Copy of' name, no Effective From; source account number exists at more than one open location; source has Jul/Aug kWh but certificate account has none; certificate credited before 1 Jul 26"
Hastings Depot,Copy of Eco_ICP_0000024050WE5E2_CERTS,Eco_ICP_0000024050WE5E2,,,,48669,47099,48669,47099,48669,0,-4.92,-4.76,-4.92,-4.76,0,0,-19.36,-4.84,4.92,"NZ 'Copy of' name, no Effective From; source account number exists at more than one open location; source has Jul/Aug kWh but certificate account has none; certificate credited before 1 Jul 26"
Asphalt Prod - Whangarei,Copy of Eco_ICP_0000519132NR7B9_CERTS,Eco_ICP_0000519132NR7B9,,Ecotricity,,47404,42496,42177,42575,43545,43852,-4.79,-4.3,-4.26,-4.31,0,0,-17.66,-4.42,8.84,"NZ 'Copy of' name, no Effective From; source has Jul/Aug kWh but certificate account has none; certificate credited before 1 Jul 26"
Asphalt Prod - Dunedin,Copy of Eco_ICP_0000102308DEAD2_CERTS,Eco_ICP_0000102308DEAD2,,Ecotricity,,42512,43148,42263,41260,42007,38834,-4.3,-4.36,-4.27,-4.17,0,0,-17.1,-4.28,8.17,"NZ 'Copy of' name, no Effective From; source has Jul/Aug kWh but certificate account has none; certificate credited before 1 Jul 26"
Bitumen - Bluff,Copy of Eco_ICP_0000931749NV418_CERTS,Eco_ICP_0000931749NV418,,Ecotricity,,90543,45249,13760,6203,43480,103549,-9.16,-4.58,-1.39,-0.63,0,0,-15.76,-3.94,14.87,"NZ 'Copy of' name, no Effective From; source has Jul/Aug kWh but certificate account has none; certificate credited before 1 Jul 26"
Wellington Depot,Copy of Eco_ICP_1001151226CK008_CERTS,Eco_ICP_1001151226CK008,,Ecotricity,,38849,35038,37356,39263,41851,40970,-3.93,-3.54,-3.78,-3.97,0,0,-15.22,-3.8,8.37,"NZ 'Copy of' name, no Effective From; source has Jul/Aug kWh but certificate account has none; certificate credited before 1 Jul 26"
"BOP Omanawa - 345 Matakokiri Drive, Tauranga",Copy of Eco_ICP_1000610486PC18D_CERTS,Eco_ICP_1000610486PC18D,,Ecotricity,,24620,24023,25912,26200,27183,26773,-2.49,-2.43,-2.62,-2.65,0,0,-10.19,-2.55,5.46,"NZ 'Copy of' name, no Effective From; source has Jul/Aug kWh but certificate account has none; certificate credited before 1 Jul 26"
Hamilton Depot,Copy of Eco_ICP_0000031643WEA48_CERTS,Eco_ICP_0000031643WEA48,,Ecotricity,,18532,15206,14606,13606,14720,15474,-1.87,-1.54,-1.48,-1.38,0,0,-6.27,-1.57,3.05,"NZ 'Copy of' name, no Effective From; source has Jul/Aug kWh but certificate account has none; certificate credited before 1 Jul 26"
Nelson Depot,Copy of Eco_ICP_0000052034NT6A8_CERTS,Eco_ICP_0000052034NT6A8,,Ecotricity,,10994,9936,9050,8544,6497,7076,-1.11,-1.0,-0.92,-0.86,0,0,-3.89,-0.97,1.37,"NZ 'Copy of' name, no Effective From; source has Jul/Aug kWh but certificate account has none; certificate credited before 1 Jul 26"
Tauranga Area Manager,Copy of Eco_ICP_1000522230PCA6E_CERTS,Eco_ICP_1000522230PCA6E,,Ecotricity,,9170,8911,9568,8954,6226,1850,-0.93,-0.9,-0.97,-0.91,0,0,-3.71,-0.93,0.82,"NZ 'Copy of' name, no Effective From; source has Jul/Aug kWh but certificate account has none; certificate credited before 1 Jul 26"
Hawkins Construction Recharges,Copy of Eco_ICP_1002147325UN75B_CERTS,Eco_ICP_1002147325UN75B,,Ecotricity,,11669,10368,10176,0,0,0,-1.18,-1.05,-1.03,0.0,0,0,-3.26,-0.82,-0.0,"NZ 'Copy of' name, no Effective From; certificate credited before 1 Jul 26"
Quarry - WOK,Copy of Eco_ICP_0005302992ENB6A_CERTS,Eco_ICP_0005302992ENB6A,,Ecotricity,,3348,5752,7816,6977,6694,7485,-0.34,-0.58,-0.79,-0.71,0,0,-2.42,-0.6,1.43,"NZ 'Copy of' name, no Effective From; source has Jul/Aug kWh but certificate account has none; certificate credited before 1 Jul 26"
Hastings Depot,Copy of Eco_ICP_0000015023HBABD_CERTS,Eco_ICP_0000015023HBABD,,Ecotricity,,2859,2521,2460,2107,2393,2187,-0.29,-0.26,-0.25,-0.21,0,0,-1.01,-0.25,0.46,"NZ 'Copy of' name, no Effective From; source has Jul/Aug kWh but certificate account has none; certificate credited before 1 Jul 26"
Asphalt Prod - Invercargill,Copy of Eco_ICP_0000734355NVC9C_CERTS,Eco_ICP_0000734355NVC9C,,Ecotricity,,650,820,1104,1214,32703,29617,-0.07,-0.08,-0.11,-0.12,0,0,-0.38,-0.1,6.3,"NZ 'Copy of' name, no Effective From; source has Jul/Aug kWh but certificate account has none; certificate credited before 1 Jul 26"
Hawkins Construction Recharges,Copy of Eco_ICP_0141534532LCA70_CERTS,Eco_ICP_0141534532LCA70,,Ecotricity,,0,0,0,0,0,0,0.0,0.0,0.0,0.0,0,0,0.0,0.0,-0.0,"NZ 'Copy of' name, no Effective From; source has no kWh in Mar-Aug 26 export"
