Location,Account_Number,Supplier,Data Type,Replaced_On,Period_Starting,Days_In_Month,Days_Of_Data,Days_Mismatch,In,Units,export_qty,export_tco2e,export_total_days,excess_share,est_excess_qty,est_excess_tco2e,is_revenue
MMA,883005_Electricity - Purchased from grid,,Electricity [kWh],,01 Nov 2025,30.0,568.0,-538.0,,6347.9963,,,,0.947,,,False
MMA,883005_Electricity - Purchased from grid,,Electricity [kWh],,01 Sep 2025,30.0,510.0,-480.0,,11266.2925,,,,0.941,,,False
MMA,883005_Electricity - Purchased from grid,,Electricity [kWh],,01 Oct 2025,31.0,505.0,-474.0,,9313.6233,,,,0.939,,,False
MMA,883005_Electricity - Purchased from grid,,Electricity [kWh],,01 Feb 2026,28.0,503.0,-475.0,,4688.0519,,,,0.944,,,False
MMA,883005_Electricity - Purchased from grid,,Electricity [kWh],,01 Dec 2025,31.0,496.0,-465.0,,5041.5632,,,,0.938,,,False
MMA,883005_Electricity - Purchased from grid,,Electricity [kWh],,01 May 2026,31.0,467.0,-436.0,,10021.8500,10021.85,1.0134,467.0,0.934,9360.4,0.947,False
MMA,883005_Electricity - Purchased from grid,,Electricity [kWh],,01 Jan 2026,31.0,465.0,-434.0,,4778.1333,,,,0.933,,,False
MMA,883005_Electricity - Purchased from grid,,Electricity [kWh],,01 Apr 2026,30.0,450.0,-420.0,,5661.8321,5661.8321,0.5725,450.0,0.933,5282.5,0.534,False
MMA,883005_Electricity - Purchased from grid,,Electricity [kWh],,01 Jun 2026,30.0,431.0,-401.0,,12239.5500,12239.55,1.2377,431.0,0.93,11382.8,1.151,False
MMA,883005_Electricity - Purchased from grid,,Electricity [kWh],,01 Mar 2026,31.0,430.0,-399.0,,5027.9161,5027.9161,0.5084,430.0,0.928,4665.9,0.472,False
Hawkins Construction Recharges,9010_Electricity - Purchased from grid,,Electricity [kWh],,01 Nov 2025,30.0,262.0,-232.0,,14898.7153,,,,0.885,,,False
Hawkins Construction Recharges,9010_Electricity - Purchased from grid,,Electricity [kWh],,01 Dec 2025,31.0,253.0,-222.0,,9362.4972,,,,0.877,,,False
Hawkins Construction Recharges,9010_Electricity - Purchased from grid,,Electricity [kWh],,01 Jan 2026,31.0,233.0,-202.0,,8660.8843,,,,0.867,,,False
Gisborne Depot,55580_Electricity - Purchased from grid,,Electricity [kWh],,01 Oct 2025,31.0,217.0,-186.0,,13337.5792,,,,0.857,,,False
Hawkins Construction Recharges,9010_Electricity - Purchased from grid,,Electricity [kWh],,01 Oct 2025,31.0,217.0,-186.0,,15847.7941,,,,0.857,,,False
Gisborne Depot,55580_Electricity - Purchased from grid,,Electricity [kWh],,01 Sep 2025,30.0,211.0,-181.0,,13066.1411,,,,0.858,,,False
Gisborne Depot,55580_Electricity - Purchased from grid,,Electricity [kWh],,01 Nov 2025,30.0,210.0,-180.0,,11514.5928,,,,0.857,,,False
Hawkins Construction Recharges,9010_Electricity - Purchased from grid,,Electricity [kWh],,01 Sep 2025,30.0,210.0,-180.0,,17549.3884,,,,0.857,,,False
Hawkins Construction Recharges,9010_Electricity - Purchased from grid,,Electricity [kWh],,01 Mar 2026,31.0,207.0,-176.0,,8977.3802,8977.3802,0.9078,207.0,0.85,7630.8,0.772,False
_CLOSED_Porirua CCWRT,UN0001_Electricity - Purchased from grid,,Electricity [kWh],2026/03/31,01 Mar 2026,31.0,196.0,-165.0,,-231.4862,-231.4862,-0.0234,196.0,0.842,-194.9,-0.02,False
Hawkins Construction Recharges,9010_Electricity - Purchased from grid,,Electricity [kWh],,01 Apr 2026,30.0,189.0,-159.0,,8449.8485,8449.8485,0.8544,189.0,0.841,7106.3,0.719,False
Gisborne Depot,55580_Electricity - Purchased from grid,,Electricity [kWh],,01 Dec 2025,31.0,181.0,-150.0,,11012.5792,,,,0.829,,,False
Engineers Camp (Lewis Pass),55614_Electricity - Purchased from grid,,Electricity [kWh],,01 Apr 2026,30.0,180.0,-150.0,,1131.2143,1131.2143,0.1144,180.0,0.833,942.3,0.095,False
Utilities Support Misc Rechges,63990_Electricity - Purchased from grid,,Electricity [kWh],,01 May 2026,31.0,178.0,-147.0,,3153.7000,3153.7,0.3189,178.0,0.826,2605.0,0.263,False
Engineers Camp (Lewis Pass),55614_Electricity - Purchased from grid,,Electricity [kWh],,01 Mar 2026,31.0,166.0,-135.0,,1001.7857,1001.7857,0.1013,166.0,0.813,814.5,0.082,False
Gisborne Depot,55580_Electricity - Purchased from grid,,Electricity [kWh],,01 Jan 2026,31.0,155.0,-124.0,,12326.5792,,,,0.8,,,False
Gisborne Depot,55580_Electricity - Purchased from grid,,Electricity [kWh],,01 Mar 2026,31.0,155.0,-124.0,,14113.0000,14113.0,1.4271,155.0,0.8,11290.4,1.142,False
Gisborne Depot,55580_Electricity - Purchased from grid,,Electricity [kWh],,01 May 2026,31.0,155.0,-124.0,,8999.0000,8999.0,0.91,155.0,0.8,7199.2,0.728,False
Hawkins Construction Recharges,9010_Electricity - Purchased from grid,,Electricity [kWh],,01 May 2026,31.0,155.0,-124.0,,9975.3333,9975.3333,1.0087,155.0,0.8,7980.3,0.807,False
Hawkins Construction Recharges,9010_Electricity - Purchased from grid,,Electricity [kWh],,01 Feb 2026,28.0,152.0,-124.0,,7971.3471,,,,0.816,,,False
Gisborne Depot,55580_Electricity - Purchased from grid,,Electricity [kWh],,01 Apr 2026,30.0,150.0,-120.0,,9041.0000,9041.0,0.9142,150.0,0.8,7232.8,0.731,False
Gisborne Depot,55580_Electricity - Purchased from grid,,Electricity [kWh],,01 Jun 2026,30.0,150.0,-120.0,,9085.0000,9085.0,0.9187,150.0,0.8,7268.0,0.735,False
Hawkins Construction Recharges,9010_Electricity - Purchased from grid,,Electricity [kWh],,01 Jun 2026,30.0,150.0,-120.0,,10047.8214,10047.8214,1.016,150.0,0.8,8038.3,0.813,False
Utilities Support Misc Rechges,63990_Electricity - Purchased from grid,,Electricity [kWh],,01 Apr 2026,30.0,150.0,-120.0,,2429.0645,2429.0645,0.2456,150.0,0.8,1943.3,0.196,False
Gisborne Depot,55580_Electricity - Purchased from grid,,Electricity [kWh],,01 Feb 2026,28.0,140.0,-112.0,,12175.0000,,,,0.8,,,False
Utilities Support Misc Rechges,63990_Electricity - Purchased from grid,,Electricity [kWh],,01 Jun 2026,30.0,126.0,-96.0,,3409.1571,3409.1571,0.3447,126.0,0.762,2597.8,0.263,False
MT-Brazil_Office,Electricity_MT-Brazil_Office,CEMIG,Electricity [kWh],,01 Oct 2025,31.0,124.0,-93.0,,492.0000,,,,0.75,,,False
MT-Brazil_Office,Electricity_MT-Brazil_Office,CEMIG,Electricity [kWh],,01 Dec 2025,31.0,124.0,-93.0,,631.0000,,,,0.75,,,False
MT-Brazil_Office,Electricity_MT-Brazil_Office,CEMIG,Electricity [kWh],,01 Jan 2026,31.0,124.0,-93.0,,577.0000,,,,0.75,,,False
MT-Brazil_Office,Electricity_MT-Brazil_Office,CEMIG,Electricity [kWh],,01 Mar 2026,31.0,124.0,-93.0,,590.0000,590.0,0.0389,124.0,0.75,442.5,0.029,False
MT-Brazil_Office,Electricity_MT-Brazil_Office,CEMIG,Electricity [kWh],,01 May 2026,31.0,124.0,-93.0,,540.0000,540.0,0.0356,124.0,0.75,405.0,0.027,False
PPP - NSW Schools 2 (Elderslie PS),9009_Electricity - Purchased from grid,Meridian,Electricity [kWh],,01 Dec 2025,31.0,124.0,-93.0,,15741.0000,,,,0.75,,,False
Utilities Support Misc Rechges,63990_Electricity - Purchased from grid,,Electricity [kWh],,01 Oct 2025,31.0,124.0,-93.0,,3167.0000,,,,0.75,,,False
Utilities Support Misc Rechges,63990_Electricity - Purchased from grid,,Electricity [kWh],,01 Dec 2025,31.0,124.0,-93.0,,2275.0000,,,,0.75,,,False
Utilities Support Misc Rechges,63990_Electricity - Purchased from grid,,Electricity [kWh],,01 Jan 2026,31.0,124.0,-93.0,,2209.0000,,,,0.75,,,False
Utilities Support Misc Rechges,63990_Electricity - Purchased from grid,,Electricity [kWh],,01 Mar 2026,31.0,124.0,-93.0,,2580.3105,2580.3105,0.2609,124.0,0.75,1935.2,0.196,False
Whangarei Depot,55510_Electricity - Purchased from grid,,Electricity [kWh],,01 Jan 2026,31.0,124.0,-93.0,,2044.3386,,,,0.75,,,False
Whangarei Depot,55510_Electricity - Purchased from grid,,Electricity [kWh],,01 Mar 2026,31.0,124.0,-93.0,,2487.3386,2487.3386,0.2515,124.0,0.75,1865.5,0.189,False
"Wharf Road, Coromandel",9009_Electricity - Purchased from grid,,Electricity [kWh],,01 Oct 2025,31.0,124.0,-93.0,,19559.0000,,,,0.75,,,False
"Wharf Road, Coromandel",9009_Electricity - Purchased from grid,,Electricity [kWh],,01 Jan 2026,31.0,124.0,-93.0,,15549.0000,,,,0.75,,,False
Whangarei Depot,55510_Electricity - Purchased from grid,,Electricity [kWh],,01 Apr 2026,30.0,122.0,-92.0,,1962.6605,1962.6605,0.1985,122.0,0.754,1479.8,0.15,False
MT-Brazil_Office,Electricity_MT-Brazil_Office,CEMIG,Electricity [kWh],,01 Sep 2025,30.0,120.0,-90.0,,387.0000,,,,0.75,,,False
MT-Brazil_Office,Electricity_MT-Brazil_Office,CEMIG,Electricity [kWh],,01 Nov 2025,30.0,120.0,-90.0,,547.0000,,,,0.75,,,False
MT-Brazil_Office,Electricity_MT-Brazil_Office,CEMIG,Electricity [kWh],,01 Apr 2026,30.0,120.0,-90.0,,691.0000,691.0,0.0455,120.0,0.75,518.2,0.034,False
Utilities Support Misc Rechges,63990_Electricity - Purchased from grid,,Electricity [kWh],,01 Sep 2025,30.0,120.0,-90.0,,3257.8129,,,,0.75,,,False
Utilities Support Misc Rechges,63990_Electricity - Purchased from grid,,Electricity [kWh],,01 Nov 2025,30.0,120.0,-90.0,,2529.0000,,,,0.75,,,False
"Wharf Road, Coromandel",9009_Electricity - Purchased from grid,,Electricity [kWh],,01 Nov 2025,30.0,120.0,-90.0,,16904.0000,,,,0.75,,,False
"Wharf Road, Coromandel",9009_Electricity - Purchased from grid,,Electricity [kWh],,01 Sep 2025,30.0,119.0,-89.0,,23066.0968,,,,0.748,,,False
MT-Brazil_Office,Electricity_MT-Brazil_Office,CEMIG,Electricity [kWh],,01 Feb 2026,28.0,112.0,-84.0,,670.0000,,,,0.75,,,False
Utilities Support Misc Rechges,63990_Electricity - Purchased from grid,,Electricity [kWh],,01 Feb 2026,28.0,112.0,-84.0,,2419.6250,,,,0.75,,,False
Whangarei Depot,55510_Electricity - Purchased from grid,,Electricity [kWh],,01 Feb 2026,28.0,112.0,-84.0,,2027.6929,,,,0.75,,,False
_CLOSED_Porirua CCWRT,UN0001_Electricity - Purchased from grid,,Electricity [kWh],2026/03/31,01 Jan 2026,31.0,93.0,-62.0,,238.9138,,,,0.667,,,False
Albany Depot(Water),55535_Electricity - Purchased from grid,,Electricity [kWh],,01 Oct 2025,31.0,93.0,-62.0,,3534.0000,,,,0.667,,,False
Albany Depot(Water),55535_Electricity - Purchased from grid,,Electricity [kWh],,01 Dec 2025,31.0,93.0,-62.0,,3510.0000,,,,0.667,,,False
Albany Depot(Water),55535_Electricity - Purchased from grid,,Electricity [kWh],,01 Jan 2026,31.0,93.0,-62.0,,3463.0000,,,,0.667,,,False
Albany Depot(Water),55535_Electricity - Purchased from grid,,Electricity [kWh],,01 Mar 2026,31.0,93.0,-62.0,,3461.0000,3461.0,0.35,93.0,0.667,2308.5,0.233,False
Albany Depot(Water),55535_Electricity - Purchased from grid,,Electricity [kWh],,01 May 2026,31.0,93.0,-62.0,,3677.0000,3677.0,0.3718,93.0,0.667,2452.6,0.248,False
DNZ National Radio Comms,561544_Electricity - Purchased from grid,,Electricity [kWh],,01 Dec 2025,31.0,93.0,-62.0,,1570.0000,,,,0.667,,,False
DNZ National Radio Comms,561544_Electricity - Purchased from grid,,Electricity [kWh],,01 Jan 2026,31.0,93.0,-62.0,,1540.0000,,,,0.667,,,False
DNZ National Radio Comms,561544_Electricity - Purchased from grid,,Electricity [kWh],,01 Mar 2026,31.0,93.0,-62.0,,1483.0000,1483.0,0.15,93.0,0.667,989.2,0.1,False
RPQ NSW Chinderah,A-7098FD44_4407159044,Origin,Electricity [kWh],,01 Jan 2026,31.0,93.0,-62.0,,8883.0094,,,,0.667,,,False
RPQ NSW Chinderah,A-7098FD44_4407159044,Origin,Electricity [kWh],,01 Mar 2026,31.0,93.0,-62.0,,8822.7720,8822.772,5.6466,93.0,0.667,5884.8,3.766,False
RPQ NSW Chinderah,A-7098FD44_4407159044,Origin,Electricity [kWh],,01 May 2026,31.0,93.0,-62.0,,8749.6265,8749.6265,5.5998,93.0,0.667,5836.0,3.735,False
Taumarunui Depot,55563_Electricity - Purchased from grid,,Electricity [kWh],,01 Oct 2025,31.0,93.0,-62.0,,11998.6875,,,,0.667,,,False
Taumarunui Depot,55563_Electricity - Purchased from grid,,Electricity [kWh],,01 Dec 2025,31.0,93.0,-62.0,,11646.0000,,,,0.667,,,False
Taumarunui Depot,55563_Electricity - Purchased from grid,,Electricity [kWh],,01 Jan 2026,31.0,93.0,-62.0,,13888.0000,,,,0.667,,,False
Taumarunui Depot,55563_Electricity - Purchased from grid,,Electricity [kWh],,01 Mar 2026,31.0,93.0,-62.0,,13944.0000,13944.0,1.41,93.0,0.667,9300.6,0.94,False
Taumarunui Depot,55563_Electricity - Purchased from grid,,Electricity [kWh],,01 May 2026,31.0,93.0,-62.0,,13838.0000,13838.0,1.3993,93.0,0.667,9229.9,0.933,False
"Wharf Road, Coromandel",9009_Electricity - Purchased from grid,,Electricity [kWh],,01 Mar 2026,31.0,93.0,-62.0,,18872.0000,18872.0,1.9083,93.0,0.667,12587.6,1.273,False
"Wharf Road, Coromandel",9009_Electricity - Purchased from grid,,Electricity [kWh],,01 May 2026,31.0,93.0,-62.0,,20491.0000,20491.0,2.072,93.0,0.667,13667.5,1.382,False
Albany Depot(Water),55535_Electricity - Purchased from grid,,Electricity [kWh],,01 Sep 2025,30.0,90.0,-60.0,,3843.3548,,,,0.667,,,False
Albany Depot(Water),55535_Electricity - Purchased from grid,,Electricity [kWh],,01 Nov 2025,30.0,90.0,-60.0,,3522.0000,,,,0.667,,,False
Albany Depot(Water),55535_Electricity - Purchased from grid,,Electricity [kWh],,01 Apr 2026,30.0,90.0,-60.0,,3186.0000,3186.0,0.3222,90.0,0.667,2125.1,0.215,False
Albany Depot(Water),55535_Electricity - Purchased from grid,,Electricity [kWh],,01 Jun 2026,30.0,90.0,-60.0,,4029.0000,4029.0,0.4074,90.0,0.667,2687.3,0.272,False
Auckland (4a Wellesley Court),91407_Electricity - Purchased from grid,,Electricity [kWh],,01 Apr 2026,30.0,90.0,-60.0,,520.0000,520.0,0.0526,90.0,0.667,346.8,0.035,False
DNZ National Radio Comms,561544_Electricity - Purchased from grid,,Electricity [kWh],,01 Sep 2025,30.0,90.0,-60.0,,1637.1935,,,,0.667,,,False
DNZ National Radio Comms,561544_Electricity - Purchased from grid,,Electricity [kWh],,01 Nov 2025,30.0,90.0,-60.0,,1518.0000,,,,0.667,,,False
DNZ National Radio Comms,561544_Electricity - Purchased from grid,,Electricity [kWh],,01 Apr 2026,30.0,90.0,-60.0,,1609.0000,1609.0,0.1627,90.0,0.667,1073.2,0.109,False
Engineers Camp (Lewis Pass),55614_Electricity - Purchased from grid,,Electricity [kWh],,01 Jan 2026,31.0,90.0,-59.0,,665.4875,,,,0.656,,,False
RPQ NSW Chinderah,A-7098FD44_4407159044,Origin,Electricity [kWh],,01 Apr 2026,30.0,90.0,-60.0,,8467.3805,8467.3805,5.4191,90.0,0.667,5647.7,3.615,False
Taumarunui Depot,55563_Electricity - Purchased from grid,,Electricity [kWh],,01 Nov 2025,30.0,90.0,-60.0,,7006.3125,,,,0.667,,,False
Taumarunui Depot,55563_Electricity - Purchased from grid,,Electricity [kWh],,01 Apr 2026,30.0,90.0,-60.0,,13108.0000,13108.0,1.3255,90.0,0.667,8743.0,0.884,False
"Wharf Road, Coromandel",9009_Electricity - Purchased from grid,,Electricity [kWh],,01 Apr 2026,30.0,90.0,-60.0,,17123.0000,17123.0,1.7315,90.0,0.667,11421.0,1.155,False
"Wharf Road, Coromandel",9009_Electricity - Purchased from grid,,Electricity [kWh],,01 Jun 2026,30.0,90.0,-60.0,,21801.0000,21801.0,2.2045,90.0,0.667,14541.3,1.47,False
_CLOSED_Porirua CCWRT,UN0001_Electricity - Purchased from grid,,Electricity [kWh],2026/03/31,01 Feb 2026,28.0,84.0,-56.0,,215.7931,,,,0.667,,,False
Albany Depot(Water),55535_Electricity - Purchased from grid,,Electricity [kWh],,01 Feb 2026,28.0,84.0,-56.0,,3456.0000,,,,0.667,,,False
DNZ National Radio Comms,561544_Electricity - Purchased from grid,,Electricity [kWh],,01 Feb 2026,28.0,84.0,-56.0,,1410.0000,,,,0.667,,,False
New Plymouth Depot,55572_Electricity - Purchased from grid,,Electricity [kWh],,01 Feb 2026,28.0,84.0,-56.0,,7880.4444,,,,0.667,,,False
RPQ NSW Chinderah,A-7098FD44_4407159044,Origin,Electricity [kWh],,01 Feb 2026,28.0,84.0,-56.0,,8023.3633,,,,0.667,,,False
Taumarunui Depot,55563_Electricity - Purchased from grid,,Electricity [kWh],,01 Feb 2026,28.0,84.0,-56.0,,13334.0000,,,,0.667,,,False
_CLOSED_Porirua CCWRT,UN0001_Electricity - Purchased from grid,,Electricity [kWh],2026/03/31,01 Dec 2025,31.0,83.0,-52.0,,368.3793,,,,0.627,,,False
Whangarei Depot,55510_Electricity - Purchased from grid,,Electricity [kWh],,01 Dec 2025,31.0,78.0,-47.0,,5016.1694,,,,0.603,,,False
Taumarunui Depot,55563_Electricity - Purchased from grid,,Electricity [kWh],,01 Jun 2026,30.0,71.0,-41.0,,15478.0000,15478.0,1.5651,71.0,0.577,8930.8,0.903,False
RPQ NSW Chinderah,A-7098FD44_4407159044,Origin,Electricity [kWh],,01 Dec 2025,31.0,63.0,-32.0,,5975.7030,,,,0.508,,,False
1259 Okau Road  Ahititi,0007821200WMAC9,Meridian,Electricity [kWh],,01 May 2026,31.0,62.0,-31.0,,933.9532,,,,0.5,,,False
"45 Clem Newby Road, Hamilton - Power & Gas Depot",79211_Electricity - Purchased from grid,Meridian,Electricity [kWh],,01 Dec 2025,31.0,62.0,-31.0,,6135.0000,,,,0.5,,,False
Asphalt Prod - Dunedin,Eco_ICP_0000102308DEAD2,Ecotricity,Electricity [kWh],,01 Dec 2025,31.0,62.0,-31.0,,73664.7000,,,,0.5,,,False
Auckland (4a Wellesley Court),91407_Electricity - Purchased from grid,,Electricity [kWh],,01 May 2026,31.0,62.0,-31.0,,0.0000,0.0,0.0,62.0,0.5,0.0,0.0,False
Balclutha Depot,55674_Electricity - Purchased from grid,,Electricity [kWh],,01 Oct 2025,31.0,62.0,-31.0,,390.0000,,,,0.5,,,False
Balclutha Depot,55674_Electricity - Purchased from grid,,Electricity [kWh],,01 Dec 2025,31.0,62.0,-31.0,,338.0000,,,,0.5,,,False
Balclutha Depot,55674_Electricity - Purchased from grid,,Electricity [kWh],,01 Jan 2026,31.0,62.0,-31.0,,349.0000,,,,0.5,,,False
Balclutha Depot,55674_Electricity - Purchased from grid,,Electricity [kWh],,01 Mar 2026,31.0,62.0,-31.0,,304.0000,304.0,0.0307,62.0,0.5,152.0,0.015,False
Balclutha Depot,55674_Electricity - Purchased from grid,,Electricity [kWh],,01 May 2026,31.0,62.0,-31.0,,442.0000,442.0,0.0447,62.0,0.5,221.0,0.022,False
Bitumen - Taranaki,3045_Natural Gas,Downer,Natural Gas [MJ],,01 Oct 2025,31.0,62.0,-31.0,,1050590.0000,,,,0.5,,,False
Bitumen - Taranaki,3045_Natural Gas,Downer,Natural Gas [MJ],,01 Dec 2025,31.0,62.0,-31.0,,1576560.0000,,,,0.5,,,False
Bitumen - Taranaki,3045_Natural Gas,Downer,Natural Gas [MJ],,01 Jan 2026,31.0,62.0,-31.0,,1546420.0000,,,,0.5,,,False
Bitumen - Taranaki,3045_Natural Gas,Downer,Natural Gas [MJ],,01 Mar 2026,31.0,62.0,-31.0,,3597110.0000,3597110.0,194.9913,62.0,0.5,1798555.0,97.496,False
Bitumen - Taranaki,3045_Natural Gas,Downer,Natural Gas [MJ],,01 May 2026,31.0,62.0,-31.0,,1244030.0000,1244030.0,67.4361,62.0,0.5,622015.0,33.718,False
Bitumen - Taranaki,3045_Natural Gas,Downer,Natural Gas [MJ],,01 Jul 2026,31.0,62.0,-31.0,,1121050.0000,1121050.0,60.7696,62.0,0.5,560525.0,30.385,False
Blenheim (29 Old Renwick Road),91388_Electricity - Purchased from grid,,Electricity [kWh],,01 May 2026,31.0,62.0,-31.0,,0.0000,0.0,0.0,62.0,0.5,0.0,0.0,False
Cell Towers,91999_Electricity - Purchased from grid,,Electricity [kWh],,01 May 2026,31.0,62.0,-31.0,,992.5256,992.5256,0.1004,62.0,0.5,496.3,0.05,False
DNZ National Radio Comms,561544_Electricity - Purchased from grid,,Electricity [kWh],,01 Oct 2025,31.0,62.0,-31.0,,1528.0000,,,,0.5,,,False
DNZ National Radio Comms,561544_Electricity - Purchased from grid,,Electricity [kWh],,01 May 2026,31.0,62.0,-31.0,,1465.0000,1465.0,0.1481,62.0,0.5,732.5,0.074,False
Dunedin Depot (Green Island ),55660_Electricity - Purchased from grid,,Electricity [kWh],,01 Oct 2025,31.0,62.0,-31.0,,23798.0000,,,,0.5,,,False
Dunedin Depot (Green Island ),55660_Electricity - Purchased from grid,,Electricity [kWh],,01 Dec 2025,31.0,62.0,-31.0,,16188.0000,,,,0.5,,,False
Dunedin Depot (Green Island ),55660_Electricity - Purchased from grid,,Electricity [kWh],,01 Jan 2026,31.0,62.0,-31.0,,19159.0000,,,,0.5,,,False
Dunedin Depot (Green Island ),55660_Electricity - Purchased from grid,,Electricity [kWh],,01 Mar 2026,31.0,62.0,-31.0,,21620.0000,21620.0,2.1862,62.0,0.5,10810.0,1.093,False
Dunedin Depot (Green Island ),55660_Electricity - Purchased from grid,,Electricity [kWh],,01 May 2026,31.0,62.0,-31.0,,26729.0000,26729.0,2.7028,62.0,0.5,13364.5,1.351,False
Engineers Camp (Lewis Pass),55614_Electricity - Purchased from grid,,Electricity [kWh],,01 Oct 2025,31.0,62.0,-31.0,,991.0667,,,,0.5,,,False
Engineers Camp (Lewis Pass),55614_Electricity - Purchased from grid,,Electricity [kWh],,01 Dec 2025,31.0,62.0,-31.0,,838.2222,,,,0.5,,,False
GSC Planning Support,241721_Hydrogen Transport,VIVA,Hydrogen [kg],,01 Jul 2026,31.0,62.0,-31.0,,4.8700,,,,0.5,,,False
Invercargill Depot,55670_Electricity - Purchased from grid,,Electricity [kWh],,01 Oct 2025,31.0,62.0,-31.0,,15502.0000,,,,0.5,,,False
Invercargill Depot,55670_Electricity - Purchased from grid,,Electricity [kWh],,01 Dec 2025,31.0,62.0,-31.0,,10086.0000,,,,0.5,,,False
Invercargill Depot,55670_Electricity - Purchased from grid,,Electricity [kWh],,01 Jan 2026,31.0,62.0,-31.0,,10843.0000,,,,0.5,,,False
Invercargill Depot,55670_Electricity - Purchased from grid,,Electricity [kWh],,01 Mar 2026,31.0,62.0,-31.0,,12755.0000,12755.0,1.2898,62.0,0.5,6377.5,0.645,False
Invercargill Depot,55670_Electricity - Purchased from grid,,Electricity [kWh],,01 May 2026,31.0,62.0,-31.0,,16976.0000,16976.0,1.7166,62.0,0.5,8488.0,0.858,False
Lawrence (6 Irvine St),DS2675_Electricity - Purchased from grid,Meridian,Electricity [kWh],,01 Dec 2025,31.0,62.0,-31.0,,2346.3889,,,,0.5,,,False
Lawrence (6 Irvine St),DS2675_Electricity - Purchased from grid,Meridian,Electricity [kWh],,01 Jan 2026,31.0,62.0,-31.0,,2610.9387,,,,0.5,,,False
Lawrence (6 Irvine St),DS2675_Electricity - Purchased from grid,Meridian,Electricity [kWh],,01 May 2026,31.0,62.0,-31.0,,2733.0000,2733.0,0.2764,62.0,0.5,1366.5,0.138,False
Maryborough,A-011B63B4_3041781236,Ergon,Electricity [kWh],,01 May 2026,31.0,62.0,-31.0,,4454.9713,4454.9713,2.9848,62.0,0.5,2227.5,1.492,False
NZTA Contract PW S88/01,556260_Electricity - Purchased from grid,,Electricity [kWh],,01 Mar 2026,31.0,62.0,-31.0,,321.0000,321.0,0.0325,62.0,0.5,160.5,0.016,False
PPP - Southbank TAFE (QLD),A-0818208A_5410078053,Origin,Natural Gas [GJ],,01 Dec 2025,31.0,62.0,-31.0,,27.4910,,,,0.5,,,False
PPP - Southbank TAFE (QLD),A-87825F48_5410086500,Origin,Natural Gas [GJ],,01 May 2026,31.0,62.0,-31.0,,89.0492,,,,0.5,,,False
Queenstown Depot,55680_Electricity - Purchased from grid,,Electricity [kWh],,01 Oct 2025,31.0,62.0,-31.0,,14275.0000,,,,0.5,,,False
Queenstown Depot,55680_Electricity - Purchased from grid,,Electricity [kWh],,01 Dec 2025,31.0,62.0,-31.0,,8802.0000,,,,0.5,,,False
Queenstown Depot,55680_Electricity - Purchased from grid,,Electricity [kWh],,01 Jan 2026,31.0,62.0,-31.0,,10068.0000,,,,0.5,,,False
Queenstown Depot,55680_Electricity - Purchased from grid,,Electricity [kWh],,01 Mar 2026,31.0,62.0,-31.0,,11895.0000,11895.0,1.2028,62.0,0.5,5947.5,0.601,False
Queenstown Depot,55680_Electricity - Purchased from grid,,Electricity [kWh],,01 May 2026,31.0,62.0,-31.0,,16869.0000,16869.0,1.7058,62.0,0.5,8434.5,0.853,False
RPQ NSW Chinderah,A-7098FD44_4407159044,Origin,Electricity [kWh],,01 Jun 2026,30.0,62.0,-32.0,,5856.7895,5856.7895,3.7483,62.0,0.516,3022.1,1.934,False
RPQ NSW South Grafton,A-480CA3BE_4001277522,Origin,Electricity [kWh],,01 Mar 2026,31.0,62.0,-31.0,,1945.4091,1945.4091,1.2451,62.0,0.5,972.7,0.623,False
RPQ NSW South Grafton,A-480CA3BE_4001277522,Origin,Electricity [kWh],,01 May 2026,31.0,62.0,-31.0,,1477.9399,1477.9399,0.9459,62.0,0.5,739.0,0.473,False
Stratford Depot,55574_Electricity - Purchased from grid,,Electricity [kWh],,01 Jan 2026,31.0,62.0,-31.0,,850.0000,,,,0.5,,,False
Taupo (36-39 Matai St),91648_Electricity - Purchased from grid,,Electricity [kWh],,01 Oct 2025,31.0,62.0,-31.0,,2650.0000,,,,0.5,,,False
Taupo (36-39 Matai St),91648_Electricity - Purchased from grid,,Electricity [kWh],,01 Dec 2025,31.0,62.0,-31.0,,1725.0000,,,,0.5,,,False
Taupo (36-39 Matai St),91648_Electricity - Purchased from grid,,Electricity [kWh],,01 Jan 2026,31.0,62.0,-31.0,,1790.0000,,,,0.5,,,False
Taupo (36-39 Matai St),91648_Electricity - Purchased from grid,,Electricity [kWh],,01 Mar 2026,31.0,62.0,-31.0,,2164.0000,2164.0,0.2188,62.0,0.5,1082.0,0.109,False
Taupo (36-39 Matai St),91648_Electricity - Purchased from grid,,Electricity [kWh],,01 May 2026,31.0,62.0,-31.0,,2835.0000,2835.0,0.2867,62.0,0.5,1417.5,0.143,False
Tauriko (763 SH29),91426_Electricity - Purchased from grid,,Electricity [kWh],,01 Oct 2025,31.0,62.0,-31.0,,2797.0000,,,,0.5,,,False
Tauriko (763 SH29),91426_Electricity - Purchased from grid,,Electricity [kWh],,01 Dec 2025,31.0,62.0,-31.0,,2695.0000,,,,0.5,,,False
Tauriko (763 SH29),91426_Electricity - Purchased from grid,,Electricity [kWh],,01 Jan 2026,31.0,62.0,-31.0,,3807.0000,,,,0.5,,,False
Tauriko (763 SH29),91426_Electricity - Purchased from grid,,Electricity [kWh],,01 Mar 2026,31.0,62.0,-31.0,,4068.0000,4068.0,0.4114,62.0,0.5,2034.0,0.206,False
Tauriko (763 SH29),91426_Electricity - Purchased from grid,,Electricity [kWh],,01 May 2026,31.0,62.0,-31.0,,6023.0000,6023.0,0.609,62.0,0.5,3011.5,0.304,False
Te Anau (103 Howden St),91336_Electricity - Purchased from grid,,Electricity [kWh],,01 Mar 2026,31.0,62.0,-31.0,,268.0000,268.0,0.0271,62.0,0.5,134.0,0.014,False
Te Anau Depot,55682_Electricity - Purchased from grid,,Electricity [kWh],,01 Mar 2026,31.0,62.0,-31.0,,4986.0000,4986.0,0.5042,62.0,0.5,2493.0,0.252,False
Tirau Depot,55568_Electricity - Purchased from grid,,Electricity [kWh],,01 Oct 2025,31.0,62.0,-31.0,,1700.0000,,,,0.5,,,False
Tirau Depot,55568_Electricity - Purchased from grid,,Electricity [kWh],,01 Dec 2025,31.0,62.0,-31.0,,1374.0000,,,,0.5,,,False
Tirau Depot,55568_Electricity - Purchased from grid,,Electricity [kWh],,01 Jan 2026,31.0,62.0,-31.0,,1394.0000,,,,0.5,,,False
Tirau Depot,55568_Electricity - Purchased from grid,,Electricity [kWh],,01 Mar 2026,31.0,62.0,-31.0,,1498.0000,1498.0,0.1515,62.0,0.5,749.0,0.076,False
Tirau Depot,55568_Electricity - Purchased from grid,,Electricity [kWh],,01 May 2026,31.0,62.0,-31.0,,2397.0000,2397.0,0.2424,62.0,0.5,1198.5,0.121,False
Waitoki Depot,55524_Electricity - Purchased from grid,,Electricity [kWh],,01 Oct 2025,31.0,62.0,-31.0,,3574.0000,,,,0.5,,,False
Waitoki Depot,55524_Electricity - Purchased from grid,,Electricity [kWh],,01 Dec 2025,31.0,62.0,-31.0,,2691.0000,,,,0.5,,,False
Waitoki Depot,55524_Electricity - Purchased from grid,,Electricity [kWh],,01 Jan 2026,31.0,62.0,-31.0,,2524.0000,,,,0.5,,,False
Waitoki Depot,55524_Electricity - Purchased from grid,,Electricity [kWh],,01 Mar 2026,31.0,62.0,-31.0,,2721.0000,2721.0,0.2751,62.0,0.5,1360.5,0.138,False
Waitoki Depot,55524_Electricity - Purchased from grid,,Electricity [kWh],,01 May 2026,31.0,62.0,-31.0,,2752.0000,2752.0,0.2783,62.0,0.5,1376.0,0.139,False
Whangarei Depot,55510_Electricity - Purchased from grid,,Electricity [kWh],,01 Oct 2025,31.0,62.0,-31.0,,5633.8571,,,,0.5,,,False
Whangarei Depot,55510_Electricity - Purchased from grid,,Electricity [kWh],,01 May 2026,31.0,62.0,-31.0,,4686.6571,4686.6571,0.4739,62.0,0.5,2343.3,0.237,False
Wiri (130 Kerrs Rd),91145_Electricity - Purchased from grid,,Electricity [kWh],,01 Oct 2025,31.0,62.0,-31.0,,16556.0000,,,,0.5,,,False
Wiri (130 Kerrs Rd),91145_Electricity - Purchased from grid,,Electricity [kWh],,01 Dec 2025,31.0,62.0,-31.0,,15175.0000,,,,0.5,,,False
Wiri (130 Kerrs Rd),91145_Electricity - Purchased from grid,,Electricity [kWh],,01 Jan 2026,31.0,62.0,-31.0,,15099.0000,,,,0.5,,,False
Wiri (130 Kerrs Rd),91145_Electricity - Purchased from grid,,Electricity [kWh],,01 Mar 2026,31.0,62.0,-31.0,,16819.0000,16819.0,1.7007,62.0,0.5,8409.5,0.85,False
Wiri (130 Kerrs Rd),91145_Electricity - Purchased from grid,,Electricity [kWh],,01 May 2026,31.0,62.0,-31.0,,18216.0000,18216.0,1.842,62.0,0.5,9108.0,0.921,False
Asphalt Prod - Bayswater (302),2100427_5310000243,ShellEnergyAU,Natural Gas [GJ],,01 Jan 2026,31.0,61.0,-30.0,,5250.2152,,,,0.492,,,False
PPP - NSW Schools 2 (Ropes Crossing PS),7113511617_5247072812,AGL,Natural Gas [GJ],,01 May 2026,31.0,61.0,-30.0,,0.4701,,,,0.492,,,False
RPQ NSW South Grafton,A-480CA3BE_4001277522,Origin,Electricity [kWh],,01 Jan 2026,31.0,61.0,-30.0,,1912.9412,,,,0.492,,,False
Taumarunui Depot,55563_Electricity - Purchased from grid,,Electricity [kWh],,01 Sep 2025,30.0,61.0,-31.0,,6685.4516,,,,0.508,,,False
"45 Clem Newby Road, Hamilton - Power & Gas Depot",79211_Electricity - Purchased from grid,Meridian,Electricity [kWh],,01 Nov 2025,30.0,60.0,-30.0,,6559.0000,,,,0.5,,,False
"45 Clem Newby Road, Hamilton - Power & Gas Depot",79211_Electricity - Purchased from grid,Meridian,Electricity [kWh],,01 Apr 2026,30.0,60.0,-30.0,,3104.0000,3104.0,0.3139,60.0,0.5,1552.0,0.157,False
Asphalt Prod - Hamilton,Eco_ICP_0000024050WE5E2,Ecotricity,Electricity [kWh],,01 Sep 2025,30.0,60.0,-30.0,,103414.4800,,,,0.5,,,False
Asphalt Prod - Mackay (400),A-294CE7F1_3052354415,Ergon,Electricity [kWh],,01 Sep 2025,30.0,60.0,-30.0,,23560.7630,,,,0.5,,,False
Balclutha Depot,55674_Electricity - Purchased from grid,,Electricity [kWh],,01 Nov 2025,30.0,60.0,-30.0,,305.0000,,,,0.5,,,False
Balclutha Depot,55674_Electricity - Purchased from grid,,Electricity [kWh],,01 Apr 2026,30.0,60.0,-30.0,,337.0000,337.0,0.0341,60.0,0.5,168.5,0.017,False
Balclutha Depot,55674_Electricity - Purchased from grid,,Electricity [kWh],,01 Jun 2026,30.0,60.0,-30.0,,510.0000,510.0,0.0516,60.0,0.5,255.0,0.026,False
Bitumen - Taranaki,3045_Natural Gas,Downer,Natural Gas [MJ],,01 Sep 2025,30.0,60.0,-30.0,,454270.0000,,,,0.5,,,False
Bitumen - Taranaki,3045_Natural Gas,Downer,Natural Gas [MJ],,01 Nov 2025,30.0,60.0,-30.0,,1696730.0000,,,,0.5,,,False
Bitumen - Taranaki,3045_Natural Gas,Downer,Natural Gas [MJ],,01 Apr 2026,30.0,60.0,-30.0,,1805350.0000,1805350.0,97.864,60.0,0.5,902675.0,48.932,False
Bitumen - Taranaki,3045_Natural Gas,Downer,Natural Gas [MJ],,01 Jun 2026,30.0,60.0,-30.0,,985770.0000,985770.0,53.4364,60.0,0.5,492885.0,26.718,False
Cell Towers,91999_Electricity - Purchased from grid,,Electricity [kWh],,01 Apr 2026,30.0,60.0,-30.0,,983.2637,983.2637,0.0994,60.0,0.5,491.6,0.05,False
Cell Towers,91999_Electricity - Purchased from grid,,Electricity [kWh],,01 Jun 2026,30.0,60.0,-30.0,,1009.1138,1009.1138,0.102,60.0,0.5,504.6,0.051,False
Dargaville Depot,55512_Electricity - Purchased from grid,,Electricity [kWh],,01 Apr 2026,30.0,60.0,-30.0,,817.0000,817.0,0.0826,60.0,0.5,408.5,0.041,False
DNZ National Radio Comms,561544_Electricity - Purchased from grid,,Electricity [kWh],,01 Jun 2026,30.0,60.0,-30.0,,1423.0000,1423.0,0.1439,60.0,0.5,711.5,0.072,False
Dunedin Depot (Green Island ),55660_Electricity - Purchased from grid,,Electricity [kWh],,01 Sep 2025,30.0,60.0,-30.0,,26128.9113,,,,0.5,,,False
Dunedin Depot (Green Island ),55660_Electricity - Purchased from grid,,Electricity [kWh],,01 Nov 2025,30.0,60.0,-30.0,,19436.0000,,,,0.5,,,False
Dunedin Depot (Green Island ),55660_Electricity - Purchased from grid,,Electricity [kWh],,01 Jun 2026,30.0,60.0,-30.0,,27455.0000,27455.0,2.7762,60.0,0.5,13727.5,1.388,False
Engineers Camp (Lewis Pass),55614_Electricity - Purchased from grid,,Electricity [kWh],,01 Sep 2025,30.0,60.0,-30.0,,2787.8189,,,,0.5,,,False
Engineers Camp (Lewis Pass),55614_Electricity - Purchased from grid,,Electricity [kWh],,01 Nov 2025,30.0,60.0,-30.0,,840.2000,,,,0.5,,,False
Hamilton (Gilchrist Rd),91411_Electricity - Purchased from grid,,Electricity [kWh],,01 Apr 2026,30.0,60.0,-30.0,,914.0000,914.0,0.0924,60.0,0.5,457.0,0.046,False
Hamilton Depot,55540_Electricity - Purchased from grid,,Electricity [kWh],,01 Apr 2026,30.0,60.0,-30.0,,2988.0000,2988.0,0.3021,60.0,0.5,1494.0,0.151,False
Invercargill Depot,55670_Electricity - Purchased from grid,,Electricity [kWh],,01 Sep 2025,30.0,60.0,-30.0,,15082.4194,,,,0.5,,,False
Invercargill Depot,55670_Electricity - Purchased from grid,,Electricity [kWh],,01 Nov 2025,30.0,60.0,-30.0,,12365.0000,,,,0.5,,,False
Invercargill Depot,55670_Electricity - Purchased from grid,,Electricity [kWh],,01 Apr 2026,30.0,60.0,-30.0,,15582.0000,15582.0,1.5756,60.0,0.5,7791.0,0.788,False
Invercargill Depot,55670_Electricity - Purchased from grid,,Electricity [kWh],,01 Jun 2026,30.0,60.0,-30.0,,16798.0000,16798.0,1.6986,60.0,0.5,8399.0,0.849,False
Lawrence (6 Irvine St),DS2675_Electricity - Purchased from grid,Meridian,Electricity [kWh],,01 Nov 2025,30.0,60.0,-30.0,,2415.4375,,,,0.5,,,False
Lawrence (6 Irvine St),DS2675_Electricity - Purchased from grid,Meridian,Electricity [kWh],,01 Apr 2026,30.0,60.0,-30.0,,2469.0000,2469.0,0.2497,60.0,0.5,1234.5,0.125,False
Lawrence (6 Irvine St),DS2675_Electricity - Purchased from grid,Meridian,Electricity [kWh],,01 Jun 2026,30.0,60.0,-30.0,,2819.0000,2819.0,0.2851,60.0,0.5,1409.5,0.143,False
Logistics Ops South Island,63981_Electricity - Purchased from grid,,Electricity [kWh],,01 Apr 2026,30.0,60.0,-30.0,,1673.0000,1673.0,0.1692,60.0,0.5,836.5,0.085,False
Maungatoroto (32 Hurndall St),91409_Electricity - Purchased from grid,,Electricity [kWh],,01 Apr 2026,30.0,60.0,-30.0,,721.0000,721.0,0.0729,60.0,0.5,360.5,0.036,False
PPP - NSW Schools 2 (Ashtonfield PS),7113513001_5247058378,AGL,Natural Gas [GJ],,01 Jun 2026,30.0,60.0,-30.0,,0.0000,,,,0.5,,,False
PPP - NSW Schools 2 (Kariong),7113515329_5243917108,AGL,Natural Gas [GJ],,01 Jun 2026,30.0,60.0,-30.0,,34.0158,,,,0.5,,,False
PPP - NSW Schools 2 (Kariong),7113515329_5243917108,AGL,Natural Gas [GJ],,01 Jul 2026,31.0,60.0,-29.0,,34.0927,,,,0.483,,,False
PPP - NSW Schools 2 (Ropes Crossing PS),7113511617_5247072812,AGL,Natural Gas [GJ],,01 Sep 2025,30.0,60.0,-30.0,,3.4177,,,,0.5,,,False
PPP - NSW Schools 2 (Ropes Crossing PS),7113511617_5247072812,AGL,Natural Gas [GJ],,01 Oct 2025,31.0,60.0,-29.0,,3.3358,,,,0.483,,,False
PPP - NSW Schools 2 (Ropes Crossing PS),7113511617_5247072812,AGL,Natural Gas [GJ],,01 Jun 2026,30.0,60.0,-30.0,,0.4616,,,,0.5,,,False
PPP - Southbank TAFE (QLD),A-87825F48_5410086500,Origin,Natural Gas [GJ],,01 Apr 2026,30.0,60.0,-30.0,,86.1766,,,,0.5,,,False
Queenstown Depot,55680_Electricity - Purchased from grid,,Electricity [kWh],,01 Sep 2025,30.0,60.0,-30.0,,18714.7742,,,,0.5,,,False
Queenstown Depot,55680_Electricity - Purchased from grid,,Electricity [kWh],,01 Nov 2025,30.0,60.0,-30.0,,10325.0000,,,,0.5,,,False
Queenstown Depot,55680_Electricity - Purchased from grid,,Electricity [kWh],,01 Apr 2026,30.0,60.0,-30.0,,12613.0000,12613.0,1.2754,60.0,0.5,6306.5,0.638,False
Queenstown Depot,55680_Electricity - Purchased from grid,,Electricity [kWh],,01 Jun 2026,30.0,60.0,-30.0,,16390.0000,16390.0,1.6573,60.0,0.5,8195.0,0.829,False
RPQ Mackay Depot,A-D2324744_3050097725,Ergon,Electricity [kWh],2026/01/05,01 Sep 2025,30.0,60.0,-30.0,,75185.9729,,,,0.5,,,False
RPQ NSW South Grafton,A-480CA3BE_4001277522,Origin,Electricity [kWh],,01 Apr 2026,30.0,60.0,-30.0,,1430.2644,1430.2644,0.9154,60.0,0.5,715.1,0.458,False
SH1/29 SAFETY IMPROVEMENTS,JP_DN1208_Electricity - Purchased from grid,,Electricity [kWh],,01 Sep 2025,30.0,60.0,-30.0,,539.7742,,,,0.5,,,False
Taupo (36-39 Matai St),91648_Electricity - Purchased from grid,,Electricity [kWh],,01 Sep 2025,30.0,60.0,-30.0,,3018.6452,,,,0.5,,,False
Taupo (36-39 Matai St),91648_Electricity - Purchased from grid,,Electricity [kWh],,01 Nov 2025,30.0,60.0,-30.0,,1889.0000,,,,0.5,,,False
Taupo (36-39 Matai St),91648_Electricity - Purchased from grid,,Electricity [kWh],,01 Apr 2026,30.0,60.0,-30.0,,2108.0000,2108.0,0.2132,60.0,0.5,1054.0,0.107,False
Taupo (36-39 Matai St),91648_Electricity - Purchased from grid,,Electricity [kWh],,01 Jun 2026,30.0,60.0,-30.0,,3641.0000,3641.0,0.3682,60.0,0.5,1820.5,0.184,False
Tauriko (763 SH29),91426_Electricity - Purchased from grid,,Electricity [kWh],,01 Sep 2025,30.0,60.0,-30.0,,3032.3226,,,,0.5,,,False
Tauriko (763 SH29),91426_Electricity - Purchased from grid,,Electricity [kWh],,01 Nov 2025,30.0,60.0,-30.0,,3055.0000,,,,0.5,,,False
Tauriko (763 SH29),91426_Electricity - Purchased from grid,,Electricity [kWh],,01 Apr 2026,30.0,60.0,-30.0,,4439.0000,4439.0,0.4489,60.0,0.5,2219.5,0.224,False
Tauriko (763 SH29),91426_Electricity - Purchased from grid,,Electricity [kWh],,01 Jun 2026,30.0,60.0,-30.0,,6398.0000,6398.0,0.647,60.0,0.5,3199.0,0.324,False
Tirau Depot,55568_Electricity - Purchased from grid,,Electricity [kWh],,01 Sep 2025,30.0,60.0,-30.0,,2933.3548,,,,0.5,,,False
Tirau Depot,55568_Electricity - Purchased from grid,,Electricity [kWh],,01 Nov 2025,30.0,60.0,-30.0,,1323.0000,,,,0.5,,,False
Tirau Depot,55568_Electricity - Purchased from grid,,Electricity [kWh],,01 Apr 2026,30.0,60.0,-30.0,,1701.0000,1701.0,0.172,60.0,0.5,850.5,0.086,False
Tirau Depot,55568_Electricity - Purchased from grid,,Electricity [kWh],,01 Jun 2026,30.0,60.0,-30.0,,2296.0000,2296.0,0.2322,60.0,0.5,1148.0,0.116,False
Waitoki Depot,55524_Electricity - Purchased from grid,,Electricity [kWh],,01 Sep 2025,30.0,60.0,-30.0,,3425.5161,,,,0.5,,,False
Waitoki Depot,55524_Electricity - Purchased from grid,,Electricity [kWh],,01 Nov 2025,30.0,60.0,-30.0,,3330.0000,,,,0.5,,,False
Waitoki Depot,55524_Electricity - Purchased from grid,,Electricity [kWh],,01 Apr 2026,30.0,60.0,-30.0,,2723.0000,2723.0,0.2753,60.0,0.5,1361.5,0.138,False
Waitoki Depot,55524_Electricity - Purchased from grid,,Electricity [kWh],,01 Jun 2026,30.0,60.0,-30.0,,2774.0000,2774.0,0.2805,60.0,0.5,1387.0,0.14,False
Whangarei Depot,55510_Electricity - Purchased from grid,,Electricity [kWh],,01 Sep 2025,30.0,60.0,-30.0,,5727.9770,,,,0.5,,,False
Whangarei Depot,55510_Electricity - Purchased from grid,,Electricity [kWh],,01 Nov 2025,30.0,60.0,-30.0,,6085.1429,,,,0.5,,,False
Wiri (130 Kerrs Rd),91145_Electricity - Purchased from grid,,Electricity [kWh],,01 Sep 2025,30.0,60.0,-30.0,,16633.0645,,,,0.5,,,False
Wiri (130 Kerrs Rd),91145_Electricity - Purchased from grid,,Electricity [kWh],,01 Nov 2025,30.0,60.0,-30.0,,15954.0000,,,,0.5,,,False
Wiri (130 Kerrs Rd),91145_Electricity - Purchased from grid,,Electricity [kWh],,01 Apr 2026,30.0,60.0,-30.0,,16174.0000,16174.0,1.6355,60.0,0.5,8087.0,0.818,False
Wiri (130 Kerrs Rd),91145_Electricity - Purchased from grid,,Electricity [kWh],,01 Jun 2026,30.0,60.0,-30.0,,19277.0000,19277.0,1.9493,60.0,0.5,9638.5,0.975,False
"45 Clem Newby Road, Hamilton - Power & Gas Depot",79211_Electricity - Purchased from grid,Meridian,Electricity [kWh],,01 Sep 2025,30.0,59.0,-29.0,,6618.4571,,,,0.492,,,False
Asphalt Prod - Mackay (400),A-4176013D_3053135053,Ergon,Electricity [kWh],2026/01/01,01 Sep 2025,30.0,59.0,-29.0,,62611.2683,,,,0.492,,,False
Asphalt Prod - Somerton (303),2100429_5330662312,ShellEnergyAU,Natural Gas [GJ],,01 Sep 2025,30.0,59.0,-29.0,,12046.1610,,,,0.492,,,False
Asphalt Prod - Wingfield (523),2100431_5510072233,ShellEnergyAU,Natural Gas [GJ],,01 Sep 2025,30.0,59.0,-29.0,,10318.2420,,,,0.492,,,False
RPQ NSW South Grafton,A-480CA3BE_4001277522,Origin,Electricity [kWh],,01 Jun 2026,30.0,59.0,-29.0,,1407.5435,1407.5435,0.9008,59.0,0.492,692.5,0.443,False
PPP - NSW Schools 2 (Ashtonfield PS),7113513001_5247058378,AGL,Natural Gas [GJ],,01 May 2026,31.0,58.0,-27.0,,0.0000,,,,0.466,,,False
PPP - NSW Schools 2 (Ropes Crossing PS),7113511617_5247072812,AGL,Natural Gas [GJ],,01 Jul 2026,31.0,58.0,-27.0,,0.4566,,,,0.466,,,False
"Wharf Road, Coromandel",9009_Electricity - Purchased from grid,,Electricity [kWh],,01 Feb 2026,28.0,58.0,-30.0,,14357.0000,,,,0.517,,,False
PPP - NSW Schools 2 (Ashtonfield PS),7113513001_5247058378,AGL,Natural Gas [GJ],,01 Jul 2026,31.0,57.0,-26.0,,0.0000,,,,0.456,,,False
PPP - Southbank TAFE (QLD),A-0818208A_5410078053,Origin,Natural Gas [GJ],,01 Nov 2025,30.0,57.0,-27.0,,25.8810,,,,0.474,,,False
Balclutha Depot,55674_Electricity - Purchased from grid,,Electricity [kWh],,01 Feb 2026,28.0,56.0,-28.0,,302.0000,,,,0.5,,,False
Bitumen - Taranaki,3045_Natural Gas,Downer,Natural Gas [MJ],,01 Feb 2026,28.0,56.0,-28.0,,1718400.0000,,,,0.5,,,False
Dunedin Depot (Green Island ),55660_Electricity - Purchased from grid,,Electricity [kWh],,01 Feb 2026,28.0,56.0,-28.0,,18953.0000,,,,0.5,,,False
Engineers Camp (Lewis Pass),55614_Electricity - Purchased from grid,,Electricity [kWh],,01 Feb 2026,28.0,56.0,-28.0,,745.2903,,,,0.5,,,False
Invercargill Depot,55670_Electricity - Purchased from grid,,Electricity [kWh],,01 Feb 2026,28.0,56.0,-28.0,,10450.0000,,,,0.5,,,False
Lawrence (6 Irvine St),DS2675_Electricity - Purchased from grid,Meridian,Electricity [kWh],,01 Feb 2026,28.0,56.0,-28.0,,2253.7514,,,,0.5,,,False
Queenstown Depot,55680_Electricity - Purchased from grid,,Electricity [kWh],,01 Feb 2026,28.0,56.0,-28.0,,9065.0000,,,,0.5,,,False
RPQ Mackay Depot,A-313CFBA6_3036098256,Ergon,Electricity [kWh],,01 Nov 2025,30.0,56.0,-26.0,,10587.3115,,,,0.464,,,False
RPQ NSW South Grafton,A-480CA3BE_4001277522,Origin,Electricity [kWh],,01 Feb 2026,28.0,56.0,-28.0,,1757.1437,,,,0.5,,,False
Taupo (36-39 Matai St),91648_Electricity - Purchased from grid,,Electricity [kWh],,01 Feb 2026,28.0,56.0,-28.0,,1994.0000,,,,0.5,,,False
Tauriko (763 SH29),91426_Electricity - Purchased from grid,,Electricity [kWh],,01 Feb 2026,28.0,56.0,-28.0,,3604.0000,,,,0.5,,,False
Tirau Depot,55568_Electricity - Purchased from grid,,Electricity [kWh],,01 Feb 2026,28.0,56.0,-28.0,,1570.0000,,,,0.5,,,False
Waitoki Depot,55524_Electricity - Purchased from grid,,Electricity [kWh],,01 Feb 2026,28.0,56.0,-28.0,,2726.0000,,,,0.5,,,False
Whangarei Depot,55510_Electricity - Purchased from grid,,Electricity [kWh],,01 Jun 2026,30.0,56.0,-26.0,,3837.2571,3837.2571,0.388,56.0,0.464,1780.5,0.18,False
Wiri (130 Kerrs Rd),91145_Electricity - Purchased from grid,,Electricity [kWh],,01 Feb 2026,28.0,56.0,-28.0,,15327.0000,,,,0.5,,,False
PPP - NSW Schools 2 (Kariong),7113515329_5243917108,AGL,Natural Gas [GJ],,01 May 2026,31.0,55.0,-24.0,,27.7028,,,,0.436,,,False
PPP - Southbank TAFE (QLD),A-87825F48_5410086500,Origin,Natural Gas [GJ],,01 Jun 2026,30.0,54.0,-24.0,,76.1763,,,,0.444,,,False
Lawrence (6 Irvine St),DS2675_Electricity - Purchased from grid,Meridian,Electricity [kWh],,01 Oct 2025,31.0,48.0,-17.0,,1813.0625,,,,0.354,,,False
"95a Tirangi Road Wellington, Project Site",DS2675_Electricity - Purchased from grid,Meridian,Electricity [kWh],,01 Sep 2025,30.0,43.0,-13.0,,1269.8355,,,,0.302,,,False
Lawrence (6 Irvine St),DS2675_Electricity - Purchased from grid,Meridian,Electricity [kWh],,01 Mar 2026,31.0,40.0,-9.0,,1537.4211,1537.4211,0.1555,40.0,0.225,345.9,0.035,False
New Plymouth Depot,55572_Electricity - Purchased from grid,,Electricity [kWh],,01 Mar 2026,31.0,39.0,-8.0,,8724.7778,8724.7778,0.8822,39.0,0.205,1788.6,0.181,False
RPQ Mackay Depot,A-313CFBA6_3036098256,Ergon,Electricity [kWh],,01 Dec 2025,31.0,39.0,-8.0,,7479.5400,,,,0.205,,,False
New Plymouth Depot,55572_Electricity - Purchased from grid,,Electricity [kWh],,01 Jan 2026,31.0,37.0,-6.0,,17408.5914,,,,0.162,,,False
Cell Towers,91999_Electricity - Purchased from grid,,Electricity [kWh],,01 Mar 2026,31.0,36.0,-5.0,,478.5856,478.5856,0.0484,36.0,0.139,66.5,0.007,False
PPP - Southbank TAFE (QLD),A-0818208A_5410078053,Origin,Natural Gas [GJ],,01 Jan 2026,31.0,35.0,-4.0,,9.7080,,,,0.114,,,False
RPQ Mackay Depot,A-D2324744_3050097725,Ergon,Electricity [kWh],2026/01/05,01 Oct 2025,31.0,34.0,-3.0,,41725.6592,,,,0.088,,,False
Asphalt Prod - Mackay (400),A-294CE7F1_3052354415,Ergon,Electricity [kWh],,01 Oct 2025,31.0,32.0,-1.0,,13249.9246,,,,0.031,,,False
Asphalt Prod - Mackay (400),A-4176013D_3053135053,Ergon,Electricity [kWh],2026/01/01,01 Oct 2025,31.0,32.0,-1.0,,34342.8450,,,,0.031,,,False
Cardiff - Rail,700000536_ZZZZ001261,CleanPeakEnergy,Electricity [kWh],,01 May 2026,31.0,32.0,-1.0,,227003.3227,227003.3227,145.2821,32.0,0.031,7037.1,4.504,False
N01 Anzac Square - Terrica Place,141362_153568,,Electricity [kWh],,01 Oct 2025,31.0,32.0,-1.0,,14525.0806,,,,0.031,,,False
N01 Anzac Square - Terrica Place,141362_153568,,Electricity [kWh],,01 Jan 2026,31.0,32.0,-1.0,,14474.2315,,,,0.031,,,False
N01 Anzac Square - Terrica Place,141362_153568,,Electricity [kWh],,01 Mar 2026,31.0,32.0,-1.0,,14075.1843,14075.1843,9.4304,32.0,0.031,436.3,0.292,False
Balclutha Depot,55674_Electricity - Purchased from grid,,Electricity [kWh],,01 Sep 2025,30.0,31.0,-1.0,,27.0645,,,,0.032,,,False
N01 Anzac Square - Terrica Place,141362_153568,,Electricity [kWh],,01 Sep 2025,30.0,31.0,-1.0,,13412.4194,,,,0.032,,,False
N01 Anzac Square - Terrica Place,141362_153568,,Electricity [kWh],,01 Nov 2025,30.0,31.0,-1.0,,13880.9483,,,,0.032,,,False
N01 Anzac Square - Terrica Place,141362_153568,,Electricity [kWh],,01 Apr 2026,30.0,31.0,-1.0,,13627.7419,13627.7419,9.1306,31.0,0.032,436.1,0.292,False
RPQ Townsville,A-E566291E_3051641232,Ergon,Electricity [kWh],,01 Apr 2026,30.0,31.0,-1.0,,6249.2935,6249.2935,4.187,31.0,0.032,200.0,0.134,False
Skilltech - Mitchell,SkilltechMitchell_Elec,,Electricity [kWh],,01 Nov 2025,30.0,31.0,-1.0,,1024.5806,,,,0.032,,,False
N01 Anzac Square - Terrica Place,141362_153568,,Electricity [kWh],,01 Feb 2026,28.0,29.0,-1.0,,13123.4874,,,,0.034,,,False
REV_Government & IFM,FY26REV_Government & IFM,Downer,Revenue [AUD Million],,01 Oct 2025,31.0,248.0,-217.0,,78.0000,,,,0.875,,,True
REV_Government & IFM,FY26REV_Government & IFM,Downer,Revenue [AUD Million],,01 Dec 2025,31.0,248.0,-217.0,,62.9000,,,,0.875,,,True
REV_Government & IFM,FY26REV_Government & IFM,Downer,Revenue [AUD Million],,01 Jan 2026,31.0,248.0,-217.0,,61.2000,,,,0.875,,,True
REV_Government & IFM,FY26REV_Government & IFM,Downer,Revenue [AUD Million],,01 Mar 2026,31.0,248.0,-217.0,,68.3000,,,,0.875,,,True
REV_Government & IFM,FY26REV_Government & IFM,Downer,Revenue [AUD Million],,01 May 2026,31.0,248.0,-217.0,,74.7000,,,,0.875,,,True
REV_Government & IFM,FY26REV_Government & IFM,Downer,Revenue [AUD Million],,01 Sep 2025,30.0,240.0,-210.0,,71.1000,,,,0.875,,,True
REV_Government & IFM,FY26REV_Government & IFM,Downer,Revenue [AUD Million],,01 Nov 2025,30.0,240.0,-210.0,,68.7000,,,,0.875,,,True
REV_Government & IFM,FY26REV_Government & IFM,Downer,Revenue [AUD Million],,01 Apr 2026,30.0,240.0,-210.0,,67.1000,,,,0.875,,,True
REV_Government & IFM,FY26REV_Government & IFM,Downer,Revenue [AUD Million],,01 Jun 2026,30.0,240.0,-210.0,,72.8000,,,,0.875,,,True
REV_Government & IFM,FY26REV_Government & IFM,Downer,Revenue [AUD Million],,01 Feb 2026,28.0,224.0,-196.0,,63.9000,,,,0.875,,,True
REV_Base & Estate Management,FY26REV_Base & Estate Management,Downer,Revenue [AUD Million],,01 Oct 2025,31.0,217.0,-186.0,,52.0000,,,,0.857,,,True
REV_Base & Estate Management,FY26REV_Base & Estate Management,Downer,Revenue [AUD Million],,01 Dec 2025,31.0,217.0,-186.0,,48.6000,,,,0.857,,,True
REV_Base & Estate Management,FY26REV_Base & Estate Management,Downer,Revenue [AUD Million],,01 Jan 2026,31.0,217.0,-186.0,,50.4000,,,,0.857,,,True
REV_Base & Estate Management,FY26REV_Base & Estate Management,Downer,Revenue [AUD Million],,01 Mar 2026,31.0,217.0,-186.0,,27.4000,,,,0.857,,,True
REV_Base & Estate Management,FY26REV_Base & Estate Management,Downer,Revenue [AUD Million],,01 May 2026,31.0,217.0,-186.0,,36.9000,,,,0.857,,,True
REV_Government & IFM,FY27REV_Government & IFM,Downer,Revenue [AUD Million],,01 Jul 2026,31.0,217.0,-186.0,,71.6000,,,,0.857,,,True
REV_Transport & Infrastructure AU,FY26REV_Transport & Infrastructure AU,Downer,Revenue [AUD Million],,01 Oct 2025,31.0,217.0,-186.0,,148.8000,,,,0.857,,,True
REV_Transport & Infrastructure AU,FY26REV_Transport & Infrastructure AU,Downer,Revenue [AUD Million],,01 Dec 2025,31.0,217.0,-186.0,,122.5000,,,,0.857,,,True
REV_Transport & Infrastructure AU,FY26REV_Transport & Infrastructure AU,Downer,Revenue [AUD Million],,01 Jan 2026,31.0,217.0,-186.0,,108.3000,,,,0.857,,,True
REV_Transport & Infrastructure AU,FY26REV_Transport & Infrastructure AU,Downer,Revenue [AUD Million],,01 Mar 2026,31.0,217.0,-186.0,,164.9000,,,,0.857,,,True
REV_Transport & Infrastructure AU,FY26REV_Transport & Infrastructure AU,Downer,Revenue [AUD Million],,01 May 2026,31.0,217.0,-186.0,,174.0000,,,,0.857,,,True
REV_Transport & Infrastructure AU,FY27REV_Transport & Infrastructure AU,Downer,Revenue [AUD Million],,01 Jul 2026,31.0,217.0,-186.0,,134.7000,,,,0.857,,,True
REV_Base & Estate Management,FY26REV_Base & Estate Management,Downer,Revenue [AUD Million],,01 Sep 2025,30.0,210.0,-180.0,,49.5000,,,,0.857,,,True
REV_Base & Estate Management,FY26REV_Base & Estate Management,Downer,Revenue [AUD Million],,01 Nov 2025,30.0,210.0,-180.0,,52.5000,,,,0.857,,,True
REV_Base & Estate Management,FY26REV_Base & Estate Management,Downer,Revenue [AUD Million],,01 Apr 2026,30.0,210.0,-180.0,,32.8000,,,,0.857,,,True
REV_Base & Estate Management,FY26REV_Base & Estate Management,Downer,Revenue [AUD Million],,01 Jun 2026,30.0,210.0,-180.0,,53.3000,,,,0.857,,,True
REV_Transport & Infrastructure AU,FY26REV_Transport & Infrastructure AU,Downer,Revenue [AUD Million],,01 Sep 2025,30.0,210.0,-180.0,,128.0000,,,,0.857,,,True
REV_Transport & Infrastructure AU,FY26REV_Transport & Infrastructure AU,Downer,Revenue [AUD Million],,01 Nov 2025,30.0,210.0,-180.0,,145.0000,,,,0.857,,,True
REV_Transport & Infrastructure AU,FY26REV_Transport & Infrastructure AU,Downer,Revenue [AUD Million],,01 Apr 2026,30.0,210.0,-180.0,,179.4000,,,,0.857,,,True
REV_Transport & Infrastructure AU,FY26REV_Transport & Infrastructure AU,Downer,Revenue [AUD Million],,01 Jun 2026,30.0,210.0,-180.0,,182.5000,,,,0.857,,,True
REV_Base & Estate Management,FY26REV_Base & Estate Management,Downer,Revenue [AUD Million],,01 Feb 2026,28.0,196.0,-168.0,,24.3000,,,,0.857,,,True
REV_Transport & Infrastructure AU,FY26REV_Transport & Infrastructure AU,Downer,Revenue [AUD Million],,01 Feb 2026,28.0,196.0,-168.0,,148.2000,,,,0.857,,,True
REV_Transport & Infrastructure NZ,FY26REV_Transport & Infrastructure NZ,Downer,Revenue [AUD Million],,01 Oct 2025,31.0,186.0,-155.0,,176.8000,,,,0.833,,,True
REV_Transport & Infrastructure NZ,FY26REV_Transport & Infrastructure NZ,Downer,Revenue [AUD Million],,01 Dec 2025,31.0,186.0,-155.0,,172.4000,,,,0.833,,,True
REV_Transport & Infrastructure NZ,FY26REV_Transport & Infrastructure NZ,Downer,Revenue [AUD Million],,01 Jan 2026,31.0,186.0,-155.0,,134.4000,,,,0.833,,,True
REV_Transport & Infrastructure NZ,FY26REV_Transport & Infrastructure NZ,Downer,Revenue [AUD Million],,01 Mar 2026,31.0,186.0,-155.0,,209.0000,,,,0.833,,,True
REV_Transport & Infrastructure NZ,FY26REV_Transport & Infrastructure NZ,Downer,Revenue [AUD Million],,01 May 2026,31.0,186.0,-155.0,,165.7000,,,,0.833,,,True
REV_Transport & Infrastructure NZ,FY27REV_Transport & Infrastructure NZ,Downer,Revenue [AUD Million],,01 Jul 2026,31.0,186.0,-155.0,,131.5000,,,,0.833,,,True
REV_Transport & Infrastructure NZ,FY26REV_Transport & Infrastructure NZ,Downer,Revenue [AUD Million],,01 Sep 2025,30.0,180.0,-150.0,,157.3000,,,,0.833,,,True
REV_Transport & Infrastructure NZ,FY26REV_Transport & Infrastructure NZ,Downer,Revenue [AUD Million],,01 Nov 2025,30.0,180.0,-150.0,,194.0000,,,,0.833,,,True
REV_Transport & Infrastructure NZ,FY26REV_Transport & Infrastructure NZ,Downer,Revenue [AUD Million],,01 Apr 2026,30.0,180.0,-150.0,,184.5000,,,,0.833,,,True
REV_Transport & Infrastructure NZ,FY26REV_Transport & Infrastructure NZ,Downer,Revenue [AUD Million],,01 Jun 2026,30.0,180.0,-150.0,,170.2000,,,,0.833,,,True
REV_Transport & Infrastructure NZ,FY26REV_Transport & Infrastructure NZ,Downer,Revenue [AUD Million],,01 Feb 2026,28.0,168.0,-140.0,,189.5000,,,,0.833,,,True
REV_Mineral Technologies,FY26REV_Mineral Technologies,Downer,Revenue [AUD Million],,01 Oct 2025,31.0,155.0,-124.0,,9.1000,,,,0.8,,,True
REV_Mineral Technologies,FY26REV_Mineral Technologies,Downer,Revenue [AUD Million],,01 Dec 2025,31.0,155.0,-124.0,,11.5000,,,,0.8,,,True
REV_Mineral Technologies,FY26REV_Mineral Technologies,Downer,Revenue [AUD Million],,01 Jan 2026,31.0,155.0,-124.0,,6.7000,,,,0.8,,,True
REV_Mineral Technologies,FY26REV_Mineral Technologies,Downer,Revenue [AUD Million],,01 Mar 2026,31.0,155.0,-124.0,,10.3000,,,,0.8,,,True
REV_Mineral Technologies,FY26REV_Mineral Technologies,Downer,Revenue [AUD Million],,01 May 2026,31.0,155.0,-124.0,,9.4000,,,,0.8,,,True
REV_Mineral Technologies,FY27REV_Mineral Technologies,Downer,Revenue [AUD Million],,01 Jul 2026,31.0,155.0,-124.0,,10.0000,,,,0.8,,,True
REV_Mineral Technologies,FY26REV_Mineral Technologies,Downer,Revenue [AUD Million],,01 Sep 2025,30.0,150.0,-120.0,,10.6000,,,,0.8,,,True
REV_Mineral Technologies,FY26REV_Mineral Technologies,Downer,Revenue [AUD Million],,01 Nov 2025,30.0,150.0,-120.0,,9.6000,,,,0.8,,,True
REV_Mineral Technologies,FY26REV_Mineral Technologies,Downer,Revenue [AUD Million],,01 Apr 2026,30.0,150.0,-120.0,,7.3000,,,,0.8,,,True
REV_Mineral Technologies,FY26REV_Mineral Technologies,Downer,Revenue [AUD Million],,01 Jun 2026,30.0,150.0,-120.0,,6.8000,,,,0.8,,,True
REV_Mineral Technologies,FY26REV_Mineral Technologies,Downer,Revenue [AUD Million],,01 Feb 2026,28.0,140.0,-112.0,,7.7000,,,,0.8,,,True
REV_Base & Estate Management,FY27REV_Base & Estate Management,Downer,Revenue [AUD Million],,01 Jul 2026,31.0,124.0,-93.0,,41.0000,,,,0.75,,,True
REV_Energy & Industrial,FY26REV_Energy & Industrial,Downer,Revenue [AUD Million],,01 Oct 2025,31.0,124.0,-93.0,,79.3000,,,,0.75,,,True
REV_Energy & Industrial,FY26REV_Energy & Industrial,Downer,Revenue [AUD Million],,01 Dec 2025,31.0,124.0,-93.0,,55.9000,,,,0.75,,,True
REV_Energy & Industrial,FY26REV_Energy & Industrial,Downer,Revenue [AUD Million],,01 Jan 2026,31.0,124.0,-93.0,,33.7000,,,,0.75,,,True
REV_Energy & Industrial,FY26REV_Energy & Industrial,Downer,Revenue [AUD Million],,01 Mar 2026,31.0,124.0,-93.0,,49.3000,,,,0.75,,,True
REV_Energy & Industrial,FY26REV_Energy & Industrial,Downer,Revenue [AUD Million],,01 May 2026,31.0,124.0,-93.0,,55.9000,,,,0.75,,,True
REV_Energy & Industrial,FY27REV_Energy & Industrial,Downer,Revenue [AUD Million],,01 Jul 2026,31.0,124.0,-93.0,,50.9000,,,,0.75,,,True
REV_Fleet & Assets,FY26REV_Fleet & Assets,Downer,Revenue [AUD Million],,01 Oct 2025,31.0,124.0,-93.0,,1.3000,,,,0.75,,,True
REV_Fleet & Assets,FY26REV_Fleet & Assets,Downer,Revenue [AUD Million],,01 Dec 2025,31.0,124.0,-93.0,,0.0000,,,,0.75,,,True
REV_Fleet & Assets,FY26REV_Fleet & Assets,Downer,Revenue [AUD Million],,01 Jan 2026,31.0,124.0,-93.0,,0.7000,,,,0.75,,,True
REV_Fleet & Assets,FY26REV_Fleet & Assets,Downer,Revenue [AUD Million],,01 Mar 2026,31.0,124.0,-93.0,,0.2000,,,,0.75,,,True
REV_Fleet & Assets,FY26REV_Fleet & Assets,Downer,Revenue [AUD Million],,01 May 2026,31.0,124.0,-93.0,,0.0000,,,,0.75,,,True
REV_Health & Education,FY27REV_Health & Education,Downer,Revenue [AUD Million],,01 Jul 2026,31.0,124.0,-93.0,,44.6000,,,,0.75,,,True
REV_Energy & Industrial,FY26REV_Energy & Industrial,Downer,Revenue [AUD Million],,01 Sep 2025,30.0,120.0,-90.0,,66.7000,,,,0.75,,,True
REV_Energy & Industrial,FY26REV_Energy & Industrial,Downer,Revenue [AUD Million],,01 Nov 2025,30.0,120.0,-90.0,,61.8000,,,,0.75,,,True
REV_Energy & Industrial,FY26REV_Energy & Industrial,Downer,Revenue [AUD Million],,01 Apr 2026,30.0,120.0,-90.0,,50.1000,,,,0.75,,,True
REV_Energy & Industrial,FY26REV_Energy & Industrial,Downer,Revenue [AUD Million],,01 Jun 2026,30.0,120.0,-90.0,,63.6000,,,,0.75,,,True
REV_Fleet & Assets,FY26REV_Fleet & Assets,Downer,Revenue [AUD Million],,01 Sep 2025,30.0,120.0,-90.0,,-0.1000,,,,0.75,,,True
REV_Fleet & Assets,FY26REV_Fleet & Assets,Downer,Revenue [AUD Million],,01 Nov 2025,30.0,120.0,-90.0,,0.1000,,,,0.75,,,True
REV_Fleet & Assets,FY26REV_Fleet & Assets,Downer,Revenue [AUD Million],,01 Apr 2026,30.0,120.0,-90.0,,0.2000,,,,0.75,,,True
REV_Fleet & Assets,FY26REV_Fleet & Assets,Downer,Revenue [AUD Million],,01 Jun 2026,30.0,120.0,-90.0,,0.4000,,,,0.75,,,True
REV_Energy & Industrial,FY26REV_Energy & Industrial,Downer,Revenue [AUD Million],,01 Feb 2026,28.0,112.0,-84.0,,41.6000,,,,0.75,,,True
REV_Fleet & Assets,FY26REV_Fleet & Assets,Downer,Revenue [AUD Million],,01 Feb 2026,28.0,112.0,-84.0,,-0.1000,,,,0.75,,,True
REV_Emerging Markets,FY27REV_Emerging Markets,Downer,Revenue [AUD Million],,01 Jul 2026,31.0,93.0,-62.0,,2.9000,,,,0.667,,,True
REV_Fleet & Assets,FY27REV_Fleet & Assets,Downer,Revenue [AUD Million],,01 Jul 2026,31.0,93.0,-62.0,,0.1000,,,,0.667,,,True
REV_Health & Education,FY26REV_Health & Education,Downer,Revenue [AUD Million],,01 Oct 2025,31.0,93.0,-62.0,,44.9000,,,,0.667,,,True
REV_Health & Education,FY26REV_Health & Education,Downer,Revenue [AUD Million],,01 Dec 2025,31.0,93.0,-62.0,,44.9000,,,,0.667,,,True
REV_Health & Education,FY26REV_Health & Education,Downer,Revenue [AUD Million],,01 Jan 2026,31.0,93.0,-62.0,,43.7000,,,,0.667,,,True
REV_Health & Education,FY26REV_Health & Education,Downer,Revenue [AUD Million],,01 Mar 2026,31.0,93.0,-62.0,,43.7000,,,,0.667,,,True
REV_Health & Education,FY26REV_Health & Education,Downer,Revenue [AUD Million],,01 May 2026,31.0,93.0,-62.0,,42.4000,,,,0.667,,,True
REV_Managing Contracts,FY26REV_Managing Contracts,Downer,Revenue [AUD Million],,01 Oct 2025,31.0,93.0,-62.0,,1.3000,,,,0.667,,,True
REV_Managing Contracts,FY26REV_Managing Contracts,Downer,Revenue [AUD Million],,01 Dec 2025,31.0,93.0,-62.0,,1.2000,,,,0.667,,,True
REV_Managing Contracts,FY26REV_Managing Contracts,Downer,Revenue [AUD Million],,01 Jan 2026,31.0,93.0,-62.0,,1.2000,,,,0.667,,,True
REV_Managing Contracts,FY26REV_Managing Contracts,Downer,Revenue [AUD Million],,01 Mar 2026,31.0,93.0,-62.0,,1.6000,,,,0.667,,,True
REV_Managing Contracts,FY26REV_Managing Contracts,Downer,Revenue [AUD Million],,01 May 2026,31.0,93.0,-62.0,,1.6000,,,,0.667,,,True
REV_RTS Opportunities,FY26REV_Emerging Markets,Downer,Revenue [AUD Million],,01 Oct 2025,31.0,93.0,-62.0,,3.3000,,,,0.667,,,True
REV_RTS Opportunities,FY26REV_Emerging Markets,Downer,Revenue [AUD Million],,01 Dec 2025,31.0,93.0,-62.0,,3.9000,,,,0.667,,,True
REV_RTS Opportunities,FY26REV_Emerging Markets,Downer,Revenue [AUD Million],,01 Jan 2026,31.0,93.0,-62.0,,3.0000,,,,0.667,,,True
REV_RTS Opportunities,FY26REV_Emerging Markets,Downer,Revenue [AUD Million],,01 Mar 2026,31.0,93.0,-62.0,,3.9000,,,,0.667,,,True
REV_RTS Opportunities,FY26REV_Emerging Markets,Downer,Revenue [AUD Million],,01 May 2026,31.0,93.0,-62.0,,3.4000,,,,0.667,,,True
REV_Telecommunications & Networks,FY26REV_Telecommunications & Networks,Downer,Revenue [AUD Million],,01 Oct 2025,31.0,93.0,-62.0,,53.1000,,,,0.667,,,True
REV_Telecommunications & Networks,FY26REV_Telecommunications & Networks,Downer,Revenue [AUD Million],,01 Dec 2025,31.0,93.0,-62.0,,46.3000,,,,0.667,,,True
REV_Telecommunications & Networks,FY26REV_Telecommunications & Networks,Downer,Revenue [AUD Million],,01 Jan 2026,31.0,93.0,-62.0,,40.8000,,,,0.667,,,True
REV_Telecommunications & Networks,FY26REV_Telecommunications & Networks,Downer,Revenue [AUD Million],,01 Mar 2026,31.0,93.0,-62.0,,47.8000,,,,0.667,,,True
REV_Telecommunications & Networks,FY26REV_Telecommunications & Networks,Downer,Revenue [AUD Million],,01 May 2026,31.0,93.0,-62.0,,46.0000,,,,0.667,,,True
REV_Telecommunications & Networks,FY27REV_Telecommunications & Networks,Downer,Revenue [AUD Million],,01 Jul 2026,31.0,93.0,-62.0,,46.1000,,,,0.667,,,True
REV_Health & Education,FY26REV_Health & Education,Downer,Revenue [AUD Million],,01 Sep 2025,30.0,90.0,-60.0,,40.8000,,,,0.667,,,True
REV_Health & Education,FY26REV_Health & Education,Downer,Revenue [AUD Million],,01 Nov 2025,30.0,90.0,-60.0,,43.1000,,,,0.667,,,True
REV_Health & Education,FY26REV_Health & Education,Downer,Revenue [AUD Million],,01 Apr 2026,30.0,90.0,-60.0,,43.5000,,,,0.667,,,True
REV_Health & Education,FY26REV_Health & Education,Downer,Revenue [AUD Million],,01 Jun 2026,30.0,90.0,-60.0,,45.0000,,,,0.667,,,True
REV_Managing Contracts,FY26REV_Managing Contracts,Downer,Revenue [AUD Million],,01 Sep 2025,30.0,90.0,-60.0,,1.5000,,,,0.667,,,True
REV_Managing Contracts,FY26REV_Managing Contracts,Downer,Revenue [AUD Million],,01 Nov 2025,30.0,90.0,-60.0,,1.4000,,,,0.667,,,True
REV_Managing Contracts,FY26REV_Managing Contracts,Downer,Revenue [AUD Million],,01 Apr 2026,30.0,90.0,-60.0,,1.2000,,,,0.667,,,True
REV_Managing Contracts,FY26REV_Managing Contracts,Downer,Revenue [AUD Million],,01 Jun 2026,30.0,90.0,-60.0,,1.3000,,,,0.667,,,True
REV_RTS Opportunities,FY26REV_Emerging Markets,Downer,Revenue [AUD Million],,01 Sep 2025,30.0,90.0,-60.0,,2.7000,,,,0.667,,,True
REV_RTS Opportunities,FY26REV_Emerging Markets,Downer,Revenue [AUD Million],,01 Nov 2025,30.0,90.0,-60.0,,2.9000,,,,0.667,,,True
REV_RTS Opportunities,FY26REV_Emerging Markets,Downer,Revenue [AUD Million],,01 Apr 2026,30.0,90.0,-60.0,,5.0000,,,,0.667,,,True
REV_RTS Opportunities,FY26REV_Emerging Markets,Downer,Revenue [AUD Million],,01 Jun 2026,30.0,90.0,-60.0,,3.6000,,,,0.667,,,True
REV_Telecommunications & Networks,FY26REV_Telecommunications & Networks,Downer,Revenue [AUD Million],,01 Sep 2025,30.0,90.0,-60.0,,56.9000,,,,0.667,,,True
REV_Telecommunications & Networks,FY26REV_Telecommunications & Networks,Downer,Revenue [AUD Million],,01 Nov 2025,30.0,90.0,-60.0,,54.0000,,,,0.667,,,True
REV_Telecommunications & Networks,FY26REV_Telecommunications & Networks,Downer,Revenue [AUD Million],,01 Apr 2026,30.0,90.0,-60.0,,46.2000,,,,0.667,,,True
REV_Telecommunications & Networks,FY26REV_Telecommunications & Networks,Downer,Revenue [AUD Million],,01 Jun 2026,30.0,90.0,-60.0,,43.7000,,,,0.667,,,True
REV_Health & Education,FY26REV_Health & Education,Downer,Revenue [AUD Million],,01 Feb 2026,28.0,84.0,-56.0,,43.9000,,,,0.667,,,True
REV_Managing Contracts,FY26REV_Managing Contracts,Downer,Revenue [AUD Million],,01 Feb 2026,28.0,84.0,-56.0,,1.3000,,,,0.667,,,True
REV_RTS Opportunities,FY26REV_Emerging Markets,Downer,Revenue [AUD Million],,01 Feb 2026,28.0,84.0,-56.0,,4.2000,,,,0.667,,,True
REV_Telecommunications & Networks,FY26REV_Telecommunications & Networks,Downer,Revenue [AUD Million],,01 Feb 2026,28.0,84.0,-56.0,,46.2000,,,,0.667,,,True
REV_EU Support,FY26REV_EU Support,Downer,Revenue [AUD Million],,01 Oct 2025,31.0,62.0,-31.0,,0.1000,,,,0.5,,,True
REV_EU Support,FY26REV_EU Support,Downer,Revenue [AUD Million],,01 Dec 2025,31.0,62.0,-31.0,,0.4000,,,,0.5,,,True
REV_EU Support,FY26REV_EU Support,Downer,Revenue [AUD Million],,01 Jan 2026,31.0,62.0,-31.0,,0.4000,,,,0.5,,,True
REV_EU Support,FY26REV_EU Support,Downer,Revenue [AUD Million],,01 Mar 2026,31.0,62.0,-31.0,,1.1000,,,,0.5,,,True
REV_EU Support,FY26REV_EU Support,Downer,Revenue [AUD Million],,01 May 2026,31.0,62.0,-31.0,,0.6000,,,,0.5,,,True
REV_Network Services,FY26REV_Network Services,Downer,Revenue [AUD Million],,01 Oct 2025,31.0,62.0,-31.0,,0.1000,,,,0.5,,,True
REV_Network Services,FY26REV_Network Services,Downer,Revenue [AUD Million],,01 Dec 2025,31.0,62.0,-31.0,,3.3000,,,,0.5,,,True
REV_Network Services,FY26REV_Network Services,Downer,Revenue [AUD Million],,01 Jan 2026,31.0,62.0,-31.0,,-0.3000,,,,0.5,,,True
REV_Network Services,FY26REV_Network Services,Downer,Revenue [AUD Million],,01 Mar 2026,31.0,62.0,-31.0,,0.0000,,,,0.5,,,True
REV_Network Services,FY26REV_Network Services,Downer,Revenue [AUD Million],,01 May 2026,31.0,62.0,-31.0,,0.1000,,,,0.5,,,True
REV_Passenger North,FY26REV_Passenger Through Life Support,Downer,Revenue [AUD Million],,01 Oct 2025,31.0,62.0,-31.0,,30.5000,,,,0.5,,,True
REV_Passenger North,FY26REV_Passenger Through Life Support,Downer,Revenue [AUD Million],,01 Dec 2025,31.0,62.0,-31.0,,24.5000,,,,0.5,,,True
REV_Passenger North,FY26REV_Passenger Through Life Support,Downer,Revenue [AUD Million],,01 Jan 2026,31.0,62.0,-31.0,,26.6000,,,,0.5,,,True
REV_Passenger North,FY26REV_Passenger Through Life Support,Downer,Revenue [AUD Million],,01 Mar 2026,31.0,62.0,-31.0,,33.9000,,,,0.5,,,True
REV_Passenger North,FY26REV_Passenger Through Life Support,Downer,Revenue [AUD Million],,01 May 2026,31.0,62.0,-31.0,,31.6000,,,,0.5,,,True
REV_RTS Head Office,FY26REV_RTS Head Office,Downer,Revenue [AUD Million],,01 Oct 2025,31.0,62.0,-31.0,,0.6000,,,,0.5,,,True
REV_RTS Head Office,FY26REV_RTS Head Office,Downer,Revenue [AUD Million],,01 Dec 2025,31.0,62.0,-31.0,,0.0000,,,,0.5,,,True
REV_RTS Head Office,FY26REV_RTS Head Office,Downer,Revenue [AUD Million],,01 Jan 2026,31.0,62.0,-31.0,,0.5000,,,,0.5,,,True
REV_RTS Head Office,FY26REV_RTS Head Office,Downer,Revenue [AUD Million],,01 Mar 2026,31.0,62.0,-31.0,,-0.1000,,,,0.5,,,True
REV_RTS Head Office,FY26REV_RTS Head Office,Downer,Revenue [AUD Million],,01 May 2026,31.0,62.0,-31.0,,-0.1000,,,,0.5,,,True
REV_Social Infrastructure & Citizen Services Support,FY26REV_Social Infrastructure & Citizen Services Support,Downer,Revenue [AUD Million],,01 Oct 2025,31.0,62.0,-31.0,,0.0000,,,,0.5,,,True
REV_Social Infrastructure & Citizen Services Support,FY26REV_Social Infrastructure & Citizen Services Support,Downer,Revenue [AUD Million],,01 Dec 2025,31.0,62.0,-31.0,,0.0000,,,,0.5,,,True
REV_Social Infrastructure & Citizen Services Support,FY26REV_Social Infrastructure & Citizen Services Support,Downer,Revenue [AUD Million],,01 Jan 2026,31.0,62.0,-31.0,,0.0000,,,,0.5,,,True
REV_Social Infrastructure & Citizen Services Support,FY26REV_Social Infrastructure & Citizen Services Support,Downer,Revenue [AUD Million],,01 Mar 2026,31.0,62.0,-31.0,,0.0000,,,,0.5,,,True
REV_Social Infrastructure & Citizen Services Support,FY26REV_Social Infrastructure & Citizen Services Support,Downer,Revenue [AUD Million],,01 May 2026,31.0,62.0,-31.0,,-0.3000,,,,0.5,,,True
REV_Water,FY26REV_Water,Downer,Revenue [AUD Million],,01 Oct 2025,31.0,62.0,-31.0,,60.9000,,,,0.5,,,True
REV_Water,FY26REV_Water,Downer,Revenue [AUD Million],,01 Dec 2025,31.0,62.0,-31.0,,52.1000,,,,0.5,,,True
REV_Water,FY26REV_Water,Downer,Revenue [AUD Million],,01 Jan 2026,31.0,62.0,-31.0,,51.5000,,,,0.5,,,True
REV_Water,FY26REV_Water,Downer,Revenue [AUD Million],,01 Mar 2026,31.0,62.0,-31.0,,70.3000,,,,0.5,,,True
REV_Water,FY26REV_Water,Downer,Revenue [AUD Million],,01 May 2026,31.0,62.0,-31.0,,96.3000,,,,0.5,,,True
REV_EU Support,FY26REV_EU Support,Downer,Revenue [AUD Million],,01 Sep 2025,30.0,60.0,-30.0,,0.0000,,,,0.5,,,True
REV_EU Support,FY26REV_EU Support,Downer,Revenue [AUD Million],,01 Nov 2025,30.0,60.0,-30.0,,0.2000,,,,0.5,,,True
REV_EU Support,FY26REV_EU Support,Downer,Revenue [AUD Million],,01 Apr 2026,30.0,60.0,-30.0,,1.0000,,,,0.5,,,True
REV_EU Support,FY26REV_EU Support,Downer,Revenue [AUD Million],,01 Jun 2026,30.0,60.0,-30.0,,-5.4000,,,,0.5,,,True
REV_Network Services,FY26REV_Network Services,Downer,Revenue [AUD Million],,01 Sep 2025,30.0,60.0,-30.0,,1.1000,,,,0.5,,,True
REV_Network Services,FY26REV_Network Services,Downer,Revenue [AUD Million],,01 Nov 2025,30.0,60.0,-30.0,,0.4000,,,,0.5,,,True
REV_Network Services,FY26REV_Network Services,Downer,Revenue [AUD Million],,01 Apr 2026,30.0,60.0,-30.0,,0.0000,,,,0.5,,,True
REV_Network Services,FY26REV_Network Services,Downer,Revenue [AUD Million],,01 Jun 2026,30.0,60.0,-30.0,,0.2000,,,,0.5,,,True
REV_Passenger North,FY26REV_Passenger Through Life Support,Downer,Revenue [AUD Million],,01 Sep 2025,30.0,60.0,-30.0,,32.8000,,,,0.5,,,True
REV_Passenger North,FY26REV_Passenger Through Life Support,Downer,Revenue [AUD Million],,01 Nov 2025,30.0,60.0,-30.0,,28.7000,,,,0.5,,,True
REV_Passenger North,FY26REV_Passenger Through Life Support,Downer,Revenue [AUD Million],,01 Apr 2026,30.0,60.0,-30.0,,27.4000,,,,0.5,,,True
REV_Passenger North,FY26REV_Passenger Through Life Support,Downer,Revenue [AUD Million],,01 Jun 2026,30.0,60.0,-30.0,,35.1000,,,,0.5,,,True
REV_RTS Head Office,FY26REV_RTS Head Office,Downer,Revenue [AUD Million],,01 Sep 2025,30.0,60.0,-30.0,,0.0000,,,,0.5,,,True
REV_RTS Head Office,FY26REV_RTS Head Office,Downer,Revenue [AUD Million],,01 Nov 2025,30.0,60.0,-30.0,,0.0000,,,,0.5,,,True
REV_RTS Head Office,FY26REV_RTS Head Office,Downer,Revenue [AUD Million],,01 Apr 2026,30.0,60.0,-30.0,,0.4000,,,,0.5,,,True
REV_RTS Head Office,FY26REV_RTS Head Office,Downer,Revenue [AUD Million],,01 Jun 2026,30.0,60.0,-30.0,,0.6000,,,,0.5,,,True
REV_Social Infrastructure & Citizen Services Support,FY26REV_Social Infrastructure & Citizen Services Support,Downer,Revenue [AUD Million],,01 Sep 2025,30.0,60.0,-30.0,,-0.1000,,,,0.5,,,True
REV_Social Infrastructure & Citizen Services Support,FY26REV_Social Infrastructure & Citizen Services Support,Downer,Revenue [AUD Million],,01 Nov 2025,30.0,60.0,-30.0,,-0.6000,,,,0.5,,,True
REV_Social Infrastructure & Citizen Services Support,FY26REV_Social Infrastructure & Citizen Services Support,Downer,Revenue [AUD Million],,01 Apr 2026,30.0,60.0,-30.0,,0.0000,,,,0.5,,,True
REV_Social Infrastructure & Citizen Services Support,FY26REV_Social Infrastructure & Citizen Services Support,Downer,Revenue [AUD Million],,01 Jun 2026,30.0,60.0,-30.0,,1.2000,,,,0.5,,,True
REV_Water,FY26REV_Water,Downer,Revenue [AUD Million],,01 Sep 2025,30.0,60.0,-30.0,,60.7000,,,,0.5,,,True
REV_Water,FY26REV_Water,Downer,Revenue [AUD Million],,01 Nov 2025,30.0,60.0,-30.0,,59.2000,,,,0.5,,,True
REV_Water,FY26REV_Water,Downer,Revenue [AUD Million],,01 Apr 2026,30.0,60.0,-30.0,,73.4000,,,,0.5,,,True
REV_Water,FY26REV_Water,Downer,Revenue [AUD Million],,01 Jun 2026,30.0,60.0,-30.0,,101.0000,,,,0.5,,,True
REV_EU Support,FY26REV_EU Support,Downer,Revenue [AUD Million],,01 Feb 2026,28.0,56.0,-28.0,,0.5000,,,,0.5,,,True
REV_Network Services,FY26REV_Network Services,Downer,Revenue [AUD Million],,01 Feb 2026,28.0,56.0,-28.0,,0.0000,,,,0.5,,,True
REV_Passenger North,FY26REV_Passenger Through Life Support,Downer,Revenue [AUD Million],,01 Feb 2026,28.0,56.0,-28.0,,26.1000,,,,0.5,,,True
REV_RTS Head Office,FY26REV_RTS Head Office,Downer,Revenue [AUD Million],,01 Feb 2026,28.0,56.0,-28.0,,0.0000,,,,0.5,,,True
REV_Social Infrastructure & Citizen Services Support,FY26REV_Social Infrastructure & Citizen Services Support,Downer,Revenue [AUD Million],,01 Feb 2026,28.0,56.0,-28.0,,0.0000,,,,0.5,,,True
REV_Water,FY26REV_Water,Downer,Revenue [AUD Million],,01 Feb 2026,28.0,56.0,-28.0,,61.6000,,,,0.5,,,True
